uuid,integrity,truthfulness,factuality
61f42863-9b53-4e78-a952-714da49f0c7a,1,1,1
f07bb53f-5639-46fe-9741-9465d516b8d4,1,1,1
f1d3d72b-3432-4604-8146-15a7d94b1598,1,1,1
935d8a6c-6d75-4321-a66d-f3061d267df7,1,1,0
c7f7f912-59f6-4db3-abc3-510f9318a3ff,1,1,1
97ab1911-b599-48b2-8252-087a72b4f378,1,1,1
e5c0fb66-54d7-4871-b2ea-df55bea9ecbe,1,1,1
343840d2-cb78-4aff-949a-2e778bfe8374,1,1,1
2eee86cf-be40-46cb-95c1-1e6a86f27616,1,1,1
76730967-d580-47f1-8fb2-417b33711c4c,1,1,1
15b68ca0-1516-451f-bacf-19006093156f,1,1,1
6ed20943-f711-464e-afd2-8ddd29e2fdda,1,1,1
49651409-cab6-434a-86af-5744e4be7621,1,1,1
e561a384-be2b-4c66-b38b-ce317fd07191,1,1,1
a5a2691a-a2e9-4850-b980-aef8bbb04ad7,0,1,1
954772f3-8f01-4e29-80c6-08589ffb0012,1,1,0
dc412cbb-c87e-4d91-9136-5e56d2c571af,1,1,1
49928f07-4d29-4757-976c-860923e68bb6,1,1,0
1863550f-1354-41be-ba74-d5506bd5179f,1,1,1
7b2ec822-7e08-4697-b161-6d7177794db3,1,1,1
46995967-c086-432f-84a7-3c11c8e45ae5,1,1,1
1c5769f6-ac9e-4ab6-bd97-cc491988435b,1,1,0
579ab1fc-2fde-466a-a053-22499b6660c7,1,1,1
a06d38d6-d86d-4cac-8a11-dbf46e34368b,1,1,1
7e7cfa66-cb4d-4fdd-8ad0-64c1331f849d,1,1,1
5c78059a-e29b-4442-8b82-5675861f6cd3,1,1,1
96af8fc7-e4fc-41a1-8fb3-0d8def49e02d,1,1,0
9d9bfd82-7aef-418a-b567-9da0d6513b46,1,1,0
a0f14d7e-e231-4a9f-85f2-33be7d67013b,1,1,1
a963c7f8-ab50-4684-9b71-faa87f8b7ca1,1,1,1
2b56ad59-7466-4737-ae78-e63bc6e3c630,1,1,0
e01109d2-506f-490c-8e80-26aa92f5e1dd,1,1,0
27c9a763-c5f1-46f8-ad50-9f43b1d2bc23,1,1,1
c04450c1-dc43-467c-b266-bec49b9a8ae1,1,1,1
885d5827-b431-49cf-812c-0f2a253c3928,1,1,0
f9d0cd0f-5c9a-44a5-8f9c-7b16fce3d6c7,1,1,1
f901cbe7-7527-4b36-bb35-e6b8decdf3e4,1,1,1
d65cd2af-73e6-4d94-8af7-b2b2f93462eb,1,1,1
79652c32-1c2a-41bc-a72f-1b2f50570c29,1,1,1
a045dd6e-b121-44fe-b8f5-4daf2ab2e07b,1,1,1
52c07174-33a7-4790-8c4a-86c1334505ed,1,1,1
74c102a0-b25b-4ec9-8e32-68ad10a24eda,1,1,0
2e1daad9-7a5b-4d8d-b27c-2011646400da,1,1,1
07fe70c2-3104-4cdf-bd44-3bbdb02a60bb,1,1,1
253435a9-9906-411a-bda2-ffb893be5c58,1,1,1
8e40d817-197b-4a39-a008-cd09d09ffbe8,1,1,0
5b68cdbc-cb03-4920-bd8f-2aa6a7e026d3,1,1,1
ac8150dc-77bb-45b0-950c-73512f7bcaa9,1,1,1
9cb7ae23-a08a-4c7c-b9a7-9a3e5b524e3e,1,1,1
c8496978-b113-45c2-b112-a0258917b9c8,1,1,1
13c61a0e-bd81-4de6-ac14-a4b787992a7a,1,1,1
fa50836a-13e6-4880-9fe0-c675d5b83546,1,1,0
af2fdfc5-e538-4246-9284-9dab1626d0ad,1,1,0
6994b769-ca37-4c13-ac77-4b32e3c70d18,1,1,1
9f1f3ce6-3607-4d37-a54d-9a39797fe46c,1,1,0
b3e97ae6-83c0-453e-ae53-d8e60bcc432f,1,1,1
1852d1d9-bc1c-4523-ad13-3319b2c71d39,1,1,0
e998f2ff-dc6d-4c42-a6e7-f3e9f026f69e,1,1,0
2a62d8b7-0458-4405-9e5c-3f8fc6a49eb3,1,1,1
47f0350c-7513-406d-85cb-cf8fd5e30387,1,1,1
3337d9c8-e2c5-45a1-a843-353c7054d076,1,1,1
57798620-d20e-48b3-b727-8de3cea236fa,1,1,1
8b7e6dcc-1da3-4c23-82dd-10010f9546be,1,1,1
ae7e11d6-08fb-4736-85c6-c68000d37e98,1,1,0
486d9522-23dd-40fd-bbfb-c4c22cb28afd,1,1,1
87e04ffc-d529-47b6-81a1-4aab30b98ba2,1,1,1
214aea22-b98c-471f-b00a-aaff9201e74c,1,1,1
22516572-3626-4811-8a5e-1c96e1c225af,1,1,1
336155f6-595b-40ad-bb69-f6ba461e7535,1,1,1
41240c42-b07d-4a6d-94d2-b69d757b8c65,1,1,0
4bc6e781-78fa-4d23-a9a5-85a16f00d1b5,1,1,0
238a9b58-c61a-49b8-98dd-4b57f9f343a9,1,1,1
4a37e577-86b2-4df0-a514-18ab0ea5746b,0,1,0
ed1c3d84-6f53-4f81-a8d3-63b8aeada318,1,1,1
ed376a54-f2e0-4c05-b068-9632a1e6bbf6,1,1,1
5f312bf5-f00f-41f4-8ecf-c67a5b25432d,1,1,1
8031c1eb-fdc1-4388-a748-e359b8e6f3cd,1,1,1
b3684246-05ff-48d8-b257-5c547fb8aa59,1,1,1
d52663ad-4b03-479e-8101-54dd9f533c3c,1,1,1
75de49ce-a4f7-40d7-a910-66dee66558f9,1,1,1
5daf5272-de12-47f3-ad9d-05d2acb281cc,1,1,1
31ca9b6c-4e74-4e3e-8e4f-030d1444834d,1,1,0
af38be62-a2f5-4ca3-8e84-6e3b023d6ada,1,1,0
fa0f09ba-6c42-4a6b-9cde-35528a6d3845,1,1,1
e0ce5323-4f2e-4063-88b8-5ecbb1cec55c,1,1,1
53a9c3e7-89e1-4af0-8236-779a273cd988,1,1,0
1c7a9bb8-6dd0-4097-bbd5-b79930f48711,1,1,1
2c13e706-d72e-43d0-92cb-e46cb051e2f6,1,1,1
f546f240-547f-48df-87ad-27d6e60acbdc,1,1,0
cba4cded-a624-46e0-8eb2-8f0cc2d8e8f9,1,1,1
c6b4cf3d-78fd-48d4-bc58-d184b4e68952,1,1,1
1d442120-3996-49cb-800c-6d348b3bb0e2,1,1,1
1191884c-206e-4efe-b5b1-1ad8b3e04797,0,1,1
32e94a83-d80e-4091-859f-347adea0233b,1,1,1
c7ffedb4-db61-4588-8ddb-7d7db4d5a37e,1,1,1
e8351dc1-876e-4d58-a069-911b49c4bc0a,1,1,1
c7057f73-f337-4efa-9cbb-6f7ed1154591,1,1,1
18501804-d619-4720-b7eb-b5836f84f2de,1,1,1
371b42f8-eab6-4c18-a058-2322492dbcbe,1,1,0
a641ea0c-488b-4149-8f89-c80608128c1d,1,1,0
13dbda53-4d33-49e9-841e-7d9862c9ed95,1,1,1
5c49bdc9-0038-47f7-955b-8c83cfdede22,1,1,1
486888fe-da13-4e5f-8cd1-93c1f10023d6,1,1,1
8eb3318a-ffa8-42c6-930a-401e4fc5aaea,1,1,0
fd105f3f-5859-4c85-af16-d3c866106ff6,1,1,1
3b480f24-2ba1-4c96-8876-6587926d4af7,1,1,1
6cfa520b-796a-4dd5-b3a4-67549dbbae37,1,1,1
8844e762-cea0-42fa-8ba5-a102df0d0755,1,1,0
9c3fd7c6-c184-47f7-9e99-7e05c94ff54c,1,1,1
ec0c629b-f825-40b1-8e68-d42902e95e64,1,1,1
5e33049b-7aed-4ee0-bb2c-7fb042d64e46,1,1,1
810a71a7-5620-4728-8463-c6cb695f3f9d,1,1,1
f846e0b8-952c-4615-8687-188f169f9093,1,1,0
b3c8a7e9-e247-4322-b423-33d33f21284c,1,1,1
09431e56-da79-4167-b174-e2ab111b8771,1,1,1
f25c5993-b260-435e-a846-3167d4ab3544,1,1,0
bdc93ea6-af79-4026-b6be-f75393308c96,1,1,1
daea35e1-f6ca-45a1-99bd-08ee8bd578a4,1,1,1
609481fc-17b9-43f2-ae4c-ca69ae5ea5b4,1,1,1
56b0c54c-6780-4dc5-b1ea-7689d60b46f7,1,1,1
43db5842-842d-4145-ab23-98a6c5d7c8d2,1,1,1
6bc85207-6f6f-4552-926d-251256da0a84,1,1,1
bd717095-6693-4d3e-aae8-27724a047277,1,1,0
373360fb-1507-4582-b0c6-b809b7875b9e,1,1,0
ba915ec6-29fe-4d33-a267-68c8c6e09f83,1,1,1
9f9d5f75-7ea9-4575-87af-c73718f2fb2a,1,1,1
49cc0e64-d406-4dfa-883d-7f2906ef4215,1,1,1
2c3183e0-d4a6-43ec-b201-106da415147f,0,1,0
dc36993b-afd7-44f9-af9f-2a1efdab52d5,1,1,1
9d70757e-8c79-42b4-91c8-82e6beb4f7e8,1,1,1
32fd2b1d-b95c-4d4d-abf6-147b0d6c5291,1,1,1
8b1b0fb9-3bc2-4d37-9fda-34ec2368d7f2,1,1,1
3c5a1cfe-ded2-4ea1-b5ea-7c5de8e2b98d,1,1,1
d7ef3aa2-7d74-4d91-9b94-d5d6e23df5f4,1,1,1
919667b6-32d1-4bf7-828e-99ce1d4cb676,1,1,1
d79105ef-c76b-41f8-a043-c3e92eb4abb1,1,1,1
b29095a9-d9cd-47a7-a675-28a5af943dfb,1,1,1
49ccbaa5-950b-4cf1-92f4-75c597177b53,1,1,1
b2844018-7f91-4f4f-a9bf-6a132d1cd1bd,1,1,1
b2fecb60-7673-4381-8869-27a504139ec4,1,1,1
5d872d5f-976b-4e16-a2c3-2643f8b84a27,1,1,1
5a8c0e32-f5e9-4387-9f98-ba7e8c739990,1,1,1
b9a535cd-6461-4812-b0b7-c1d32476fa67,1,1,1
22a760bc-95ad-4b05-80be-c7281713f7ab,0,1,0
324f220c-d59b-4d56-b4b9-7278662f5212,1,1,1
d5cd4ebe-ae12-4173-b5d3-f1ff436c9b04,1,1,0
332f5eea-04a1-408c-a8dd-d6793a7ab980,1,1,1
68a8706a-7f1c-4b16-b62f-8aba880f6443,1,1,1
df4c58bd-f0d8-42df-ba93-3286f0b3ba27,1,1,1
139cc57b-0064-4737-8293-c4c55287e01f,1,1,0
51bbcc93-a2ba-4f5a-9bbd-9414ce09016b,1,1,1
7e97b93e-0bd4-4b47-9b56-d056aabc4407,1,1,0
e4e5ef42-e70d-489b-b382-9840ded7e277,1,1,1
6d1f2a76-0fa2-49b5-b431-c08833b0213a,1,1,0
db108788-8dbb-4e6f-a643-a53ed0e2a3a3,1,1,1
83e226a7-8db7-4ce0-b264-a6bd40c5b4a2,1,1,0
70718924-cdfb-4194-b00c-97e4b95335a6,1,1,1
7a588b6d-2697-42a9-8d43-87778d3d32c8,1,1,0
d79d29fd-ba3c-4c5a-9618-d3d7a994b05f,1,1,0
3f8a6bad-021a-4f1e-a9ef-abc9d9b10c54,1,1,1
cb761755-b4a1-4955-8a6c-bf6bc99d044a,1,1,1
38e6f25c-2c64-49e5-b6b1-4de6e5d8409e,1,1,1
8e57f28e-d217-4bb8-af87-291d66ac46d5,1,1,1
5c66b56e-01cf-4124-9f0c-59d75edf7b6d,1,1,0
379a0693-c5bd-4b17-ba3e-1b3592f1df7c,1,1,0
f495dd8b-07d7-47e3-a4cb-21a1fafef561,1,1,1
10a58102-47e7-4d2a-8f3f-3552a21a4507,1,1,1
707240ae-5060-47a3-9dc7-f0ce233c7eb2,1,1,1
72fd5f8e-1cbb-46b4-8b48-c545e94ded8a,1,1,0
c1f57e25-dd19-4718-b841-a61ba2463a54,1,1,0
7996e4e2-6f7a-4339-8c5d-d8a36840a7d2,1,1,1
78199f5f-8be5-461c-91e1-65ae9db00ba3,1,1,1
c5571931-5fec-4e02-91f5-0cdf982eaaf6,1,1,1
f85a45fa-5a27-4856-b16a-031a7ddaaa73,1,1,1
5a112131-f050-457a-98ef-9031f27801d2,1,1,0
fca7e755-f6b0-4df2-bdbc-71742806fd5b,1,1,1
fadfe71c-9183-44e6-9936-920cf09b89cc,1,1,1
8babe4c0-cc3e-41ca-b17c-ce06a4f280e3,1,1,1
22f72f8a-141e-4281-bb1a-25d7b41aeb04,1,1,1
c181b84b-913e-4916-b9d0-aaf652dfc15b,1,1,0
cd7a2ea4-96f1-46ec-94fc-11117c8623c7,1,1,1
0a939098-31e6-4936-84a0-dbc7f964a744,1,1,1
b4c7b6f6-1faf-4dce-8734-e25d1723ad5b,1,1,1
49b3d32e-9ecf-4105-9a98-3830db225aaa,1,1,1
c848df77-14cb-4749-acaa-a64adb9003be,1,1,1
2b3f7bb5-7ef5-42f1-9c18-13b1f8cc6a08,1,1,1
e9336165-0e6d-408a-88cc-3f15c065e446,1,1,0
b1b19caf-aaeb-4aa3-b025-3f1296f649b8,1,1,1
65095307-44b5-4cbf-9dab-899f97935736,1,1,0
ac6a6112-620e-4427-8fa9-349874409ef0,1,1,1
6b36c84c-4ad0-400c-8a22-07c122777d44,1,1,1
e25ac15b-0956-4aa6-846f-67f356604a06,1,1,1
c7d56ecf-8a4a-489a-8aa8-3151ebb5fe75,1,1,1
ce20d34d-2ac4-4011-9637-7bc36672787f,1,1,1
4268b0a0-5ed5-4748-bb37-88f4f076f514,1,1,1
3f7b1924-d2cd-4e3b-9a2b-22c62d6b45ad,1,1,1
a8ec6293-2dcb-468f-8e3b-0cf25669af5b,1,1,1
03906efd-1e50-4bbd-b0e6-9ac0ce0e1fcf,1,1,0
28353966-d255-4b50-82e3-12bb924c3917,1,1,1
cef51eae-8e05-4f1c-b6c9-444f16597497,1,1,1
9f391d67-2a5b-47d3-b869-b0e61c1ee456,1,1,0
c93171cd-4b56-4f5e-a0c4-f9eb9573e53a,1,1,0
411a581f-e6a6-4ec9-abdf-e24c29523ec3,1,1,1
102c7e2c-aa9c-42ee-b1d5-28c84402cbe8,1,1,1
1de97f62-29b5-4ea0-8a41-67f53a20149c,1,1,1
90a9bc2d-27e7-489b-8d40-97fa567ac338,1,1,1
c4521907-328b-4a2e-b80a-305874fdbd70,1,1,1
007049f3-955e-4c65-ac45-1908f9bdc073,1,1,1
6fff50bd-cafc-4fed-98eb-944e746ee368,0,1,1
c9088633-d774-439b-bfcf-104d718811c9,1,1,0
28469cbc-3693-45da-a6b6-ce7f7cbcc1af,1,1,1
11bb60a0-8781-42a6-91f1-002f954ddf8f,1,1,0
08461774-bf3e-47a5-90e3-6c8b726bfd67,1,1,1
cae5f445-9bdd-400e-bd8d-02bf935fac4b,1,1,1
b3df3c6b-0468-479a-8181-e0a299970cab,1,1,1
e654a47f-1bfb-4e8f-be8d-af604f484806,1,1,0
e9e4c1e5-4c74-4cfe-8fa8-917d2482e426,1,1,1
b25e13c1-c202-449d-8e8e-7063a53757d3,1,1,0
934dab23-8329-487f-a49d-764a32f89d63,1,1,1
9fda2be4-221b-45fe-8713-5a649aba1428,1,1,1
0268f82e-d3d2-4b7a-9f12-a455ea691639,1,1,1
452c6fe4-8934-45ee-89d3-6a061c8e3a63,1,1,0
04e31139-12db-4f23-9c0d-92afc1bfd032,1,1,1
53700223-4e91-4e05-bc38-4ffec795b9dd,1,1,1
a5f7f68a-413e-4177-8e25-cd48e783499d,1,1,1
c4a327f1-b147-4027-83e0-9f10f26a1b89,1,1,1
ff8a46d6-9a87-4d62-b7fc-d596a9a01e8f,1,1,1
c1fe6e6a-7352-45ca-a52a-0c088b73511e,1,1,1
cce77f9e-0bc4-44b3-a590-e5019ecb0fda,1,1,1
7e9f371a-b54e-4672-bd49-d4eb859b008f,1,1,1
3ae4100b-4013-4b92-a324-958c1970cd6b,1,1,1
970675d1-3b13-45d8-af80-8713e22c4f59,1,1,1
4b50d80d-ec97-43dc-9ab4-a32467e12b0e,1,1,1
b2e5a41e-ed81-4706-8f79-e0cf72b0da5b,1,1,1
1aab22c8-6d4c-4831-9a70-92031c93dd65,1,1,1
a97a8f40-3c04-4d6b-b816-b8fe69cd5358,1,1,1
5c9ca8a0-fc2a-453e-8fd7-348abcb4f6e6,1,1,1
56b0f238-a45b-4799-996b-b9ac5ca088ed,1,1,1
fca7ce51-44e3-4213-b7e1-f03af883cd26,1,1,1
8ea47ec3-fb72-46fe-9c86-3647551866d5,0,1,0
bfd721a5-01e3-461c-ba18-54ec7519efa4,1,1,0
4b3082e3-d683-4fb1-8208-724ad2687994,1,1,1
5d3eeaa4-eb33-4318-aec7-134bcd82998a,1,1,1
86fd94f8-a6fe-4e1f-a0bb-071fc75a25e7,1,1,1
29ce4746-0175-4231-a682-3482fab2602b,1,1,0
5a974a1f-5228-4340-bf68-8c24fa184403,1,1,1
cac1df65-0ac5-4029-80f5-81225f86c8b7,1,1,0
2d8d5972-631d-43b5-b50e-54aaaeda813a,1,1,1
91b8da76-1f62-4338-9d15-03111240d227,1,1,0
b0870496-1b3d-4ca6-beaa-e420ccf40dfc,1,1,0
8664dd41-2974-4aa5-b5f6-8fed789d099a,1,1,0
1812f56e-483f-4745-ba8d-06e67eb0c5e5,1,1,0
b3cbb5c6-7cdc-4ad0-b0f6-598b8b9608ad,1,1,1
abd742f7-802b-4f3b-9152-01848105ecf7,1,1,1
22b304c4-d1cc-47e6-b408-9458f27fa848,1,1,0
4eece0cf-21cd-45f8-aa24-4cde0b63a0bf,1,1,0
d28ebf65-5640-49e5-988f-231e32f85ed9,1,1,1
a5a6cd52-eef9-4379-9d4e-bb2bd1115b10,1,1,1
ddfcaa18-203b-4835-920d-c87f814cd9bb,1,1,1
86503147-3372-40d1-b75d-008864ef4f45,1,1,1
7409ef2a-4cd3-4300-9f37-c50eaae912c4,1,1,1
f2d89d4e-22cf-4221-84b8-78ff9b9568aa,1,1,1
fa40a5a7-b49c-4d77-95c1-b17fea4d2a71,1,1,1
0baee8a7-b6ba-4c43-b9d0-6f0f2d0ee9d1,1,1,1
6bd704f0-b6e9-4060-a3d3-ec8ce2386f9d,1,1,1
7f7d9b27-4b63-42e0-a220-de51ee1359eb,1,1,1
88f0e3ba-81fc-46e1-914c-ade0070fb4f7,1,1,0
8c570bb1-26ae-48b9-a686-3a49fa5b2129,1,1,1
a7700ab5-6402-4e92-8628-48cf468b1e4e,0,1,0
5b508f31-3dc7-423c-9779-4dd961edba5f,1,1,1
cd269e21-fa96-419a-b14b-487776ca9ad4,1,1,0
bbfd16ef-3c17-497d-8108-7434cfb3006f,1,1,1
c13b534f-42ec-45f6-82d7-9cf2d1249970,1,1,1
ca7f9988-91a0-4dac-8775-a3bd149d5f3c,1,1,0
f05548da-2e90-471b-9676-0e773ee47442,0,1,0
ad6d580a-43b3-4cb9-b36a-a9bd10d0dd78,1,1,1
d698e19d-2617-4cd5-8e4c-febb4e644e04,1,1,1
b0e4fbbe-d269-4ed0-9629-9f63212657b7,1,1,1
ba3220e3-f310-4668-a226-e6e52ea204e8,1,1,0
0045328e-e215-43ea-ba74-e39a6837dc2a,1,1,0
2e9e04f2-bc50-4075-b084-d7ea7da58bce,1,1,1
da60f4c1-a035-4236-9cc9-e7fc97538b86,1,1,1
7f00294d-5b6e-466b-93b3-e773812f0af3,1,1,1
3030e177-87b4-45da-b7f0-601de65694fe,1,1,0
461bed01-04e1-4770-b9db-13d702c0a6e1,1,1,1
f91d74f5-1bc9-4a9b-9a61-191da6a12142,1,1,0
8579db80-9c31-4c02-8a6b-ccd16f660ccc,1,1,1
9b1062c4-dfb1-42d7-ae4d-51a03b55b5d4,1,1,1
d741183b-7e77-4f13-a320-275a8af14cae,1,1,1
773778ed-5186-486e-9a06-5175a3419c9f,1,1,0
7b14d133-c5d8-4b48-ad83-6ce5d4341b8f,1,1,1
4d609cf6-b12c-4f81-91d6-5d096a4e2255,1,1,1
087b722f-d6cf-4dc6-bd2c-b6266f436174,1,1,1
44d31025-e680-499d-9897-bf8541d08a63,1,1,1
e9c8f1f4-70cc-486c-afc5-f0c879bcdeef,1,1,1
2daf1fda-2922-46f1-9c77-7a92631c791f,1,1,1
bf3f2e3d-4cb7-4d79-9113-27b910d0c295,1,1,1
be84534f-b66e-4e31-aa74-d522e7c2b4d8,1,1,1
763e7d68-fbeb-4e76-a445-94e6ae881d62,1,1,1
c9101838-167f-4a08-bc4b-eec1a72addb4,1,1,1
78c2f921-696b-4710-bae8-29750060a6c6,1,1,1
e2a1d367-08d0-44f8-89bb-ab77ab652500,1,1,1
80ad8b23-e22f-433c-8914-83d2d8021d99,1,1,0
f6a7a0a4-2046-4c1b-9eaa-6eb14b75bad2,1,1,1
9e2cacb8-0d5a-47e3-82aa-b722bc5cc81a,1,1,1
84ef7c01-4de1-4bc4-b5d1-cd9562b3b625,1,1,1
d445d5fd-c450-44c0-bc08-fadb060eefd1,1,1,1
6ebf20be-6225-41df-b465-e4bdae33fdc2,1,1,1
252fdf5c-2706-464d-9806-ffc69782bfd7,1,1,0
d93d1172-ca58-4357-90b3-8bf9efbfaac5,1,1,0
fee611b7-8d9d-4b99-b9a4-57fdcb042fc5,1,1,1
ca8bec84-b3c7-4fb1-8e40-2bf7b5dd95f8,1,1,0
9b21f088-1f68-449f-ae60-c223d00ae852,1,1,1
921bccec-5be2-4003-a344-5b48b02efeaf,1,1,1
602efe37-12a1-496b-b26c-790830cb2a97,1,1,0
3553c3c1-7abf-430e-8554-1782ef2e17a8,1,1,1
650ffebb-07ee-44fd-ab87-5aaa265875e6,1,1,1
c84e7e69-efae-4c38-89c2-b9800af187ff,0,1,0
4ec40ef4-103b-4b13-afc3-7a4b7cff8f40,1,1,1
0b731955-e044-451f-a9c8-726157b633f1,1,1,1
82328773-3664-440d-af7d-7d1d0a9bd991,1,1,0
d8c63fab-a65c-405a-a5d1-0d2387c182e4,1,1,1
537986c5-2977-42c8-ba52-f4039ce348b5,1,1,1
182bad7f-e5f0-428e-b962-0958136f9449,1,1,0
1817b39f-d762-4648-9dcf-30e7c43c64db,0,1,0
48728416-df66-4962-b97f-e4709e4e6d24,1,1,1
bff19e5d-e79c-4b2f-bf92-ac912071bd8e,1,1,0
7829787f-6242-49c9-82a5-e6631cb4a1c2,1,1,1
b55da3fc-6035-4a76-9ef1-bd636ac71dac,1,1,0
53edc8fc-2b23-4f71-8d8b-9f5d7eb7805b,1,1,1
a9f035c8-4c57-4be9-ba79-4baa2994621d,1,1,0
023c6966-8875-48a8-b666-4da12fdd827a,1,1,0
50a3e3ff-3d8d-4843-9679-b805dd577432,1,1,1
a6ce4d2f-bbec-46b4-b79e-dec7b41f6052,1,1,0
13858704-929f-4fce-ad25-6cb0eb382875,1,1,1
b472d369-a772-446c-82f5-d411efa0828f,1,1,0
8ad46503-5152-4ee9-b677-09b5aba5683f,1,1,1
5fd70ce1-773b-4b8c-8d52-e5c5ebf4ff01,1,1,0
c9de1b04-1c57-4456-bbdf-f2bd3ce2c632,1,1,0
91a13114-ba05-4acf-ae8d-a69402a2fa7f,1,1,0
faa8582b-55ed-41cb-af0f-d93d878084c4,1,1,0
28671ba2-7cad-4c5f-b315-7605518c481a,1,1,0
e807c155-30d2-44ca-a16f-a544c1604cde,1,1,1
c4e2d80d-b779-4169-bf47-5bc3550378b0,1,1,1
71777f0f-369a-4ef9-8dee-98089fe61f1d,1,1,0
7ea196a1-7a79-4e65-8b48-183fe71903e3,1,1,1
e4f47e2b-2566-4bf2-8b92-1f0f37214208,1,1,1
556095c0-8f09-441c-8a69-6cdf8d6a78c0,1,1,1
075e637a-15ac-4072-a3e2-8303c248bdbb,1,1,1
f1de2693-e954-4bdb-b9be-b70a4adbcfc0,1,1,1
3640ee06-d6aa-40e3-a023-ef57c070ca9b,1,1,0
5981c925-0f69-43d3-80b3-1d138f5964cc,1,1,1
eac1005f-ebea-4201-90ac-958338aa6f20,1,1,1
93927c49-fce8-423c-b3b0-068ff14c75c5,1,1,1
d7fa13b5-106f-4e26-8378-38e04ce4076e,1,1,1
26dfcb3b-348a-42e1-813f-d8b52de467f0,1,1,1
2ac62991-a48c-496a-b847-69bd76b72209,1,1,1
2b415018-a893-4139-af79-d972da71920e,1,1,0
44fb5b6b-451c-4f42-bbdb-4c42d51951c6,1,1,1
7b39abdd-7581-4c16-b234-d2c4da4d2c7f,1,1,1
1c755145-8e65-4c26-9f5e-d66d35b87138,1,1,1
df90373e-e9df-4506-a46f-5fccf2ef8bc0,1,1,1
9b3fd1c2-20fd-433d-985e-8cba57979fb7,1,1,1
7c17021f-0b04-4190-a2a5-51afff6d36a5,1,1,1
871468d2-a8de-4041-abab-ce4910dbb997,1,1,1
8459dd3a-2874-42de-924e-de984e762924,1,1,1
e2c6c1c5-07d3-4936-81f9-8ecb7bfcbf03,1,1,1
c1f01c2e-81dc-4ac7-a72c-597fe83324e8,1,1,1
0fb3218d-8dc4-436f-8241-1fad8f1b5bdd,1,1,0
0996bc15-c558-4c33-b41c-9789f77c0be6,1,1,1
6047010a-dee2-46ea-ba63-c562c107db69,1,1,1
f1de60eb-a720-45a2-9a86-79d1c63b992b,1,1,1
130e5556-947a-4c81-99b6-517b91cf8639,1,1,0
df75217f-8b0a-4b95-9f15-89b894a23aa3,1,1,1
03b1c260-d417-4ef3-ad2e-8856e70f8aa2,1,1,0
aee9c3a1-4b11-41ae-b593-4fa0910a3c52,1,1,1
5dcbb1f9-0520-43e4-a904-b261d42612e6,1,1,1
ae41f906-2e63-415b-98d0-2d37707cb3e9,1,1,1
09936251-e91c-4734-9268-b830c610ba8d,1,1,1
f39d190b-0ada-402d-bc3a-b45a6e0b22bd,1,1,1
27f2006d-e158-453a-93e4-a2d1e80bad0f,1,1,1
31027899-06cf-40e1-a787-3e8709a5d014,1,1,1
ad95000c-e31c-4333-8bdd-15ce94aa3864,1,1,1
f40189aa-90c0-43ca-b8b5-393cd8155f76,1,1,1
f6cac645-0ebc-442a-8c9a-bb2346fe59c5,1,1,1
40522b52-4132-4b30-bc0c-2c186d69d98c,1,1,1
4e4a0871-9cdd-4a76-90ec-dc817b137a58,1,1,1
f1fc0e87-fcd0-4bd1-86bc-141de048e6a9,1,1,1
f6031387-1974-4469-adf8-79121ad82de1,1,1,1
ae1ab2d7-2f4f-40ef-9384-64316d21ce46,1,1,0
ecdcda0a-1a69-4bfa-8466-327b7ac57596,1,1,0
42b54a26-ab81-4221-80fa-33522d2de334,1,1,1
71280004-5f73-4511-b86f-410717fb14c2,1,1,1
a81fdf43-7e87-4667-87f3-0b5cf8bd7620,1,1,1
af6eeb38-75c2-4ba9-9ad9-86ed08f06af6,1,1,0
bfa6fe25-62bb-4c0a-aead-9ded8167aae2,1,1,1
c4acd98e-b62f-439c-892d-cf33d923e477,1,1,1
718b5ad9-bc42-4e3f-9f91-dea9e439d0d9,1,1,1
bc273654-3070-40a0-9fda-069abe1fcf01,1,1,1
22f730cd-7b47-432c-80e7-c1da09a475d0,1,1,1
1c8a9f1e-262a-42e4-90b8-4affd979dc87,1,1,1
280d2d01-1c51-4d4a-92d8-afca4b368313,1,1,0
3855cf31-3b9a-4f1b-81a5-e60e7aa47ecf,1,1,1
8d733217-b914-4497-bfe2-b4758f91d5ee,1,1,1
f2949170-7399-4328-b92a-66e7be4c4a34,1,1,1
97f0c1f7-50f3-4d55-ab3b-f4e9e636e24d,1,1,1
a59a2e5b-1882-4e5f-b50d-6fb6e007dc1f,1,1,1
b8ef84d7-3277-4ffe-9524-9d939f0f5319,1,1,1
65906511-fabd-4b1d-85c6-313da946929e,0,1,0
d7d6f7cc-ea88-418e-b5ff-9639d7c65928,1,1,0
6a909a18-fe77-40e4-89b2-15c45acca7e7,1,1,0
857c1dd7-92a7-4652-86a5-6167f2a4b627,1,1,1
89ebd7f1-4c42-4cdd-b71d-f172a2e31d2d,1,1,1
91924ed6-a39e-4ab4-af70-e83d7962d70d,1,1,0
ab430e98-1ed0-401d-aa42-b2fc3a1dcd1f,0,1,1
e92bec35-6701-4aa6-abda-496874f3c86a,1,1,0
9398d6c4-4932-4350-aaee-7442593e26c1,1,1,1
5e2d5b55-af8d-4a08-bc36-56f1c9bfd4bc,1,1,1
06aa4c06-1695-4d08-9d1c-586dbc05ffab,1,1,1
b1a3fbc5-119b-4640-98cc-a3839f4f0c22,1,1,1
31d036fe-798d-4da0-a7e3-3b68ac8352a1,1,1,1
94817ad5-cdf9-409b-b8e8-3ef234b04179,1,1,1
d8c0b599-c575-4ea6-907d-c16cd533e62f,0,1,0
b5c61afc-d6e9-4159-920b-61953f782a2e,1,1,1
211708ec-ee2b-4217-ad5d-a3bc811d3dde,1,1,1
74821cbb-b16e-45a0-9387-f003cf02e65b,1,1,0
771f6706-41a3-48dd-8266-01502d93121c,1,1,0
44112b5f-5e00-481f-8358-29dea78ae4d4,1,1,0
e5755a19-49b9-48fd-aa92-62e699057b11,1,1,1
8476809e-bd93-4261-bc6d-bb6af643f9b4,1,1,1
0917cad7-f08b-4bcd-a032-60342f109579,1,1,0
84750d95-98df-4978-a9f9-97f394538443,1,1,1
35898cd5-ea59-4cfa-b29f-601a48ae9505,1,1,1
eb245c8c-d963-4a0f-ac25-a25fc1ff4951,1,1,0
e0fd0ccc-7774-43ac-b9b4-f69185357aa1,1,1,1
c7df7cbf-1e37-4ce0-902d-5679de6e2b10,1,1,1
01099bf2-f04b-48f9-b6be-1af52ab88fc4,0,1,0
ca1e9dc4-023d-4b1e-86c1-3049072bd761,1,1,1
2d100a70-df9c-4cdd-a21c-e663bc1a0b57,1,1,1
d5fa4410-9895-42b9-91a5-bafabcd57260,1,1,1
63c1581a-ba1c-4f5e-94a5-ef71a067ead0,1,1,1
88d7bad7-8486-4c4f-9972-aebf9d50a30a,1,1,1
ad74dfb9-921c-47af-9ebf-82468519e050,1,1,1
eea37033-99e3-4c8c-9a5d-4a60a4fa062e,1,1,1
fd796942-be7a-4c6d-92c9-b8460e158019,1,1,1
a6c27a1c-0795-4850-ac38-ac8b9a486e92,1,1,0
80a32880-231e-4b54-9946-d7ea58c65533,0,1,1
4c4e118c-8cc4-4bc3-acc0-6548c81a5b67,1,1,1
df50393f-4750-45c3-91fa-1d53526bcf95,1,1,1
666d23cb-bb2b-4b97-adeb-169a0e8c6522,1,1,1
58ba21b1-e0e3-463c-980c-f29deb84e8b2,1,1,1
3663ed60-2e6f-4d67-a12c-2c98282f4a03,1,1,0
b5f0dd51-71e4-44f5-931f-bbd481fdadff,1,1,1
a5f2b872-3115-4cfd-86f5-6a73a65d735b,1,1,1
e1fc66f7-f996-489b-bee8-37a6096b13e7,1,1,0
7e0070d4-bf57-4fd4-b74b-9e06823d38fd,1,1,1
e430db2a-863d-4f4e-ad61-673bd3bc2f8f,1,1,1
d5423f84-f372-4407-a743-0f8b806803b5,1,1,0
5839055e-2026-4b1a-bba4-80406c8b65e3,1,1,1
db78eb1e-27e0-47be-b96e-baff0a3f7d1e,1,1,0
2a83c0e7-1e57-4622-8164-11df6312a8b9,1,1,1
640da889-e1fa-4583-8db5-6c00011ccf1d,1,1,0
71aa0e01-5592-4ba3-8f0a-c10db55ac432,1,1,1
cbde79f5-7517-4c4b-94a7-92711f03553c,1,1,1
9e09bb0d-a4fa-4485-b253-277e35ab151b,1,1,1
fdc4fb0f-94ba-4fd3-aa90-72880d27d8cd,1,1,1
5207c6b3-c9ad-4038-8b81-50238a487922,1,1,1
96290828-5fd2-4f6b-9dd1-da8d9acaad09,1,1,1
f632fbe5-edc4-41e8-ab40-a9f1c4547e76,1,1,1
7c03817c-9e35-4715-a8cc-599599568492,1,1,1
f6dcd9f6-cda0-410c-b13b-45bcc53bce33,1,1,0
cc179bff-d9a1-47bd-bf35-0639b05d1643,1,1,1
dd0038ac-65fc-4ab2-bdec-55f234306a11,1,1,1
177c40e1-a117-49fb-b580-6cd4a9088b14,1,1,1
34c20b1e-f124-445a-9f2f-6d639377cd00,1,1,0
8f8dbd75-8926-4864-bb78-952b79cca841,1,1,1
ba300a69-bf6a-4929-b787-b9b14b962343,1,1,1
da7d1965-8f75-46d5-b8f1-79c0fb46770e,1,1,0
b21ef8b8-1f30-4315-b29a-a1bbf89f3194,1,1,1
2835ff49-8bc7-46d7-99b1-850cb92c27d5,1,1,1
81049c68-c8bf-4782-b0b8-dc91276ad96e,1,1,1
a58a767b-4014-4773-a96b-5ec0935bc54e,1,1,1
130821a1-2bf5-4d17-a49f-8fb0f313cb45,1,1,1
932536ba-da5d-4702-9192-5dbbd49bd6ee,1,1,1
fd05c746-8c1e-4b96-890f-65f62d2b8111,1,1,1
577215a1-ef96-40fe-9352-b4911779fbff,1,1,0
a230dc9c-0a94-4f4d-99f1-315f57bae2da,1,1,1
dcb89c80-9155-4c34-8904-8e31009a6dd9,1,1,0
a495a45d-73bf-48c4-8ed2-76abf88e6089,1,1,0
18d006ed-c102-4345-8c74-5996c2ae775a,0,1,0
56b6fd5a-4adc-46c7-b40f-0ad26414af69,1,1,1
8879f8ad-b2da-4330-995f-3e0d4f0679a9,1,1,0
c1724c14-6488-4659-983f-30bb657e41cb,1,1,0
90ae0781-6a99-4f08-b340-166de0cdfdc0,1,1,1
b90a7c06-ba5d-4beb-8e8c-51abb4380225,1,1,1
c311344f-f11e-4032-b87d-ca48fcb2cc42,0,1,0
d0e4a52f-2294-438a-85b7-a2937f6a043d,1,1,1
e8fb5328-5c98-4904-81c6-8c338a08c3c7,1,1,1
d19073d3-692c-4507-8128-f7399ab66ecf,1,1,0
578a5bcb-88ea-44cf-8668-16387abd3abe,1,1,1
9a5b0feb-1faa-4518-90ce-ffedeb758d35,1,1,1
834550d8-d6ed-4e02-9211-e294498185f5,1,1,1
87c62c86-af58-4639-b109-5ee7e80003dc,1,1,1
9fc75dac-9fde-4b01-939a-df3dd0e97027,0,1,0
a39ad250-1a49-48a9-8fd2-bf7f85329599,1,1,1
fc84d83d-36c9-411c-91a8-5a3694e1c660,1,1,1
6968a560-78fc-4263-bb87-daef70bf37d0,1,1,1
fcf3761c-ab2d-4b8e-8450-b1db39c6b99c,1,1,1
ad771c94-e654-4030-aa70-c14748f76c6c,1,1,1
5170729c-0405-4d0a-ad66-c3b2977a1eb4,1,1,0
ae5b02dd-dfb6-4b86-97fa-71faade9b13c,1,1,0
fd68d565-9e93-4c59-96b5-e47d6c80bb2f,1,1,1
67bab562-9c43-4c9b-a7fe-a619c453dd2c,1,1,1
afb11aa9-91e8-47fa-8bd1-d8133858deff,1,1,1
ee55be04-fc44-44b9-b5c3-82b06e8e4173,1,1,1
c487effc-f5f8-4774-be94-9a205419d92b,1,1,1
6f24649f-7266-42fa-b109-f004f67c79e2,1,1,0
88016d13-4701-4c27-a0eb-1ca1d4d858bb,1,1,1
abdcb727-e212-4f04-8019-3cd642ef238c,1,1,1
309740ec-0c51-482d-bf7d-272212c7042a,1,1,1
ca4de8b2-35c0-4f2f-8583-2d09ef7e66b6,1,1,0
60e30503-b1ba-4515-820f-f9021c019963,1,1,1
0c3b9256-6c69-4482-aca4-279d2c515e24,1,1,1
09f4724e-8538-4a44-a3e5-104c572141c0,1,1,1
d370a1f4-5bde-4bd4-ba0c-3494194bc420,1,1,1
e1f17b6f-83a0-4995-8e57-cd0480f7bc33,1,1,0
d22a3536-6bfb-4a95-863b-73af8976a515,0,1,0
91d1500c-2404-4f6b-85ee-f3f21d215f36,1,1,1
ceeef5ee-2648-4695-9e6c-f6dd4473d176,1,1,1
2ffa8827-6fdc-40ae-abcb-3a3e5dd6804d,1,1,1
a4d408a1-cbb1-4613-a7bf-b9fb26c8a34d,1,1,1
0cba16ca-4c5e-4aba-b9ba-335917a32000,1,1,1
e49e64e8-4632-45d4-ac64-0cbf9b73a8b2,1,1,1
8b49a153-60ba-4734-8c91-691066a4019f,1,1,1
79543a4e-b1c4-42ed-bcbb-37a0c2949de3,1,1,1
a3d2b9e6-cdd1-449d-9e47-b131ad771104,1,1,1
beb4ae09-bfc2-44f0-a129-61a5ce630ca7,1,1,0
f1acb7fc-25ff-4c40-9cbb-a62d31415858,1,1,1
d6bbb119-6315-4b42-9ba8-2b88020df1cf,1,1,1
bb3ecf0d-cf58-46cb-94da-383e4447acc7,1,1,0
5c393975-fae8-4fe3-a4ce-95feb3c5ef1d,1,1,1
8a31b868-1d6b-4cd8-b608-847a28a63448,1,1,1
9c6cbd0a-76f7-467b-8c36-34a7ddae5c8c,1,1,1
a84554d4-82ac-436a-8db3-fb5454ece195,1,1,1
c6211549-7582-4196-8ecd-75c151758b5c,1,1,1
d54bbd15-5e90-46b7-96bd-a7fe9513cf1c,1,1,0
d98953df-3503-416f-aa1d-919a0095e436,1,1,0
d6a6d1ca-04c1-48a8-84c0-41e45e920f0c,1,1,1
63a43683-6465-403b-92b5-40b2ffc8faf3,1,1,1
e996f617-cb8f-4ab7-af5c-6156f09cdd8c,1,1,1
b2f10ecc-dc71-4e0b-988d-011504cf38e6,1,1,1
6b16be87-d9d7-4a03-bde7-8ea5d101b81e,1,1,1
04121fa1-c708-43d1-aafd-36460974f54b,1,1,0
1131dbb2-09ef-49a2-a61e-81cad74043fa,1,1,0
c82246b3-2b4f-4ebd-a6db-1baeb08d4afe,1,1,1
1bfb813e-d2f1-4cb4-9539-d7b254b1d225,1,1,1
1ccd28d3-ea11-4511-9617-7aa881710196,1,1,1
2c13892a-2740-4a23-b771-c90c9d83f2f2,1,1,1
6069b09b-fb37-4775-a2ea-a581e655578e,1,1,0
71a0e345-2d99-47d4-871a-5d9a9a9fd064,1,1,1
db043a16-b65e-486b-b64d-3ecbb47c5a31,1,1,1
10bb5f0b-2fee-4518-a8f2-4eb288e48a2a,1,1,0
9a68e252-6a90-42d0-87bd-f60f9e2c1870,1,1,1
78ccec7c-0783-4dca-8f5a-a449e3bc3478,1,1,1
f4065dca-76cc-4b6c-9eae-f89274e8d2ec,1,1,0
2062d9a5-7a8c-46c2-b047-2206ab492c66,1,1,0
36b3f2e2-cdcf-4658-8276-2221cd3835b3,1,1,1
23ec6b25-2770-48f2-a8e7-c1c5b425c201,1,1,1
15033ff7-b1c7-4716-b838-2436c687b3b0,1,1,1
a841f8bb-8013-445e-890b-df360ae6afe8,1,1,0
ce98432c-ee44-4405-9f85-e46afa89574f,1,1,1
0045379a-0c68-422d-aada-4e988a9c9cb3,1,1,1
23f15fd4-a74f-4b30-8cda-179f900673f3,1,1,0
ef48f85f-9b05-4730-96c8-27a72c0f155e,1,1,0
6d5d324f-42ef-421b-a38c-2c50292a4122,1,1,1
19fc9cf9-7c9e-4d7b-b6d2-b3c9fc8fa10e,1,1,1
50eaf6ec-a490-4398-a674-8c3c7a3a5cc8,1,1,1
fbd683e1-a4fb-42d8-a3d3-01319ad1a423,1,1,1
e89f67e7-3fb6-45ee-b961-fc21f87ad4d0,1,1,1
3db0cc68-96d8-4f23-8754-c7c8ff948ace,1,1,1
741fe7c0-7eb0-427b-ac75-cdb1c2a19655,1,1,1
4d8d39d8-e963-4d6a-bcea-e3f1f80fa391,0,1,1
37068238-3103-46db-92ca-20d7058d0980,1,1,0
5175ce81-d14d-4d5c-a31b-f8897fd2c2d8,1,1,1
fd96e05f-5b4f-47ff-91eb-3a528a20a4cf,1,1,0
0e3b246a-59d7-4578-8baf-c07e8a2f66f5,1,1,1
f68ce33b-e2ef-42c7-a80a-3c9dbc2e2c01,1,1,1
94b69221-d3bd-43c0-aae2-e07a82fefdc9,1,1,1
d8f52748-6e19-4ce2-b838-accab9bc0fc1,1,1,1
75682ca0-0f26-44a6-b0c2-45a75596ff9f,1,1,1
781a2489-609a-47d0-89e1-be014ae257c9,1,1,0
5bef23b2-2b11-4a66-9e05-16f27a475e5f,1,1,0
2f2f6268-07cb-486f-af86-4bdd0a4c0be1,1,1,1
5aec9047-fd1f-48b5-a16f-aab0d1958a0c,1,1,1
53b1d4df-c914-4a5b-8ea5-52fceece6f02,1,1,1
e641f1ee-f607-41fc-9b4b-c4efc6d8b309,1,1,1
b7fb4114-dcad-4add-9dc6-626d8b221d0e,1,1,0
79b32d7a-55b7-457b-99c6-050b9bd50f49,1,1,1
4b2952e9-d7fb-4d71-9a74-6edd7739b82a,1,1,0
e10963e8-a1eb-445c-bef3-dbe79d7999f5,1,1,1
238d302d-a9eb-4e3e-913d-9110ad2b565c,1,1,0
6a2d2be5-9f07-4e3e-896a-bd29f55be954,1,1,1
b2794271-4f23-48a4-9f68-ce11dd69a5e0,1,1,1
fb851c5e-d3d5-4b0a-af86-89fbd789bac2,1,1,1
e3e28793-746b-4c15-9a19-f7d19f00868b,1,1,1
bfa067ef-e5fe-4a5a-ac15-b362e776ad9a,1,1,0
201cee41-ca83-41ad-9fe7-968fa730f328,1,1,1
1e2dda93-ef48-45b0-910b-2b16d9ab0f50,1,1,1
de6335e1-8165-47e9-a9d6-51d6cf8db416,1,1,1
7d1cc6f6-abc7-49fc-b307-6a9eb14840e5,1,1,1
5b846577-63e9-4c46-ba91-5d69b6fc0190,1,1,0
4ea9fec0-b43b-403c-bb4d-8182a258a557,1,1,1
92fe3643-3c70-403c-a0ce-c44b6c23897c,1,1,1
048342df-ac04-4c23-a8b3-84f873c73830,1,1,1
1f94acce-4f74-47e8-8e65-76ae85659c62,1,1,0
da057498-3e98-4d26-93a4-a6aa57ba39d5,1,1,1
140103b1-f501-4241-a242-004b1abdc364,1,1,1
8492057b-8e59-4219-9c0b-6fe27b32b6a6,1,1,1
d8cec6aa-52b0-450c-8368-878b3f349416,0,1,0
0d07ef19-902b-47b2-ad5c-6b0600f746bd,1,1,1
f1de4aaa-d18c-4eef-8987-f3379eaf24f2,1,1,1
c653ec72-a582-4d59-93ec-68316f1fd53d,1,1,1
2f847504-c867-417f-b3e2-2771411cef2c,1,1,1
95c505a5-94a5-4738-a8a5-a6d5a43c37c1,1,1,1
93aee2dc-9000-4695-b15b-a5bce5ce9683,1,1,1
6dd80308-bc9f-4fb7-bece-b8843c043f0f,1,1,1
14024910-5f19-47d5-9456-b14c9b45a84c,1,1,1
2291b4df-0c0d-4bcd-897a-dd0e0457887d,1,1,1
dc1a3a4c-c61f-423b-9a9c-edeb612b7699,1,1,1
12b55cb2-8737-4cb3-8979-d1e05318175e,1,1,0
0db0f0af-8d5b-4739-b7ab-1a5e7d560cfb,1,1,1
d0abd8a5-bcd5-43e3-8b89-cd8541224cba,1,1,0
1dbd4eb9-b173-4710-8633-22f3dc32e6e6,1,1,1
193b73d4-f11a-4487-8ef9-8d2d96814f37,1,1,0
e5b345c9-b976-4c37-b2ce-7591ec5ab5d7,1,1,1
0268575d-d3bb-446f-90ac-511fbcd9e80e,1,1,1
adc94c72-9cab-4b1e-bd41-faeeafdbe485,1,1,1
0f0d2993-3020-400d-9d44-6dbb7faceecd,1,1,1
1316f4ca-9388-490e-a522-fd72be7ae280,1,1,1
4547b3ea-80ee-44bc-a034-e710e0657b9b,1,1,0
c82bb5b4-c0f3-4a41-9fb4-b0d96495f4eb,1,1,1
0beea695-86b8-4ed9-a2c7-b3e299f06ab0,1,1,1
781b79c5-9799-486d-95ee-0221dab8e942,1,1,0
529024e1-8a24-429c-82fb-fac89d17e65f,1,1,1
df727f7f-5542-45f9-b818-711b9005e687,1,1,1
61f2f8ab-de6f-467e-9dbb-a46a6b7511ec,1,1,1
f312025e-585e-4db9-b3a1-65487bf079a8,1,1,1
0eef8029-6919-4a40-af7d-4f8a6e9328d9,1,1,0
b3009b1f-462c-4ca6-9976-273b245926ec,1,1,1
ba6c910e-f91b-4dad-8660-3face9edb996,1,1,1
24014462-7e53-4e61-bf64-4889827025ec,1,1,0
713c5b0b-a015-426a-ad87-7af8910c99de,1,1,0
258e02ab-5bd5-49d0-afde-859a9fd2fca9,1,1,0
c3a646af-05b4-403c-af8b-ed6bdc9f366a,1,1,1
924d384c-fa61-4f61-a134-cabeaa82a836,1,1,1
c3452e3b-9a46-42d1-81ba-41197aede7fa,1,1,0
ebc8dfd1-1e8a-40e0-a8e9-6ed70443f8e2,1,1,0
eb4dbf93-1192-4b9f-a1ff-740bd1e5d779,1,1,1
db3ac432-e902-406e-9f0f-3dcb1dae65ba,1,1,1
f81c7bdd-218a-4683-adc5-f6661a5ab2eb,1,1,0
e5922468-52e6-400b-8f1f-154440f36e2c,1,1,1
319e36bd-67bd-40d4-99cd-bfe847e024ba,1,1,1
9f738c36-61c6-4338-8e8c-3a4919676d1b,1,1,1
8e6b72e0-c08d-4663-ba45-55259696b6e2,1,1,1
f8e17e22-816b-4433-9e27-a5f84fb0b812,1,1,1
96a3160f-b32a-4f54-a9cd-8a466a5eed8b,1,1,1
60d4dc96-5c8e-40c3-bc89-6243e6e6500f,1,1,1
dfa0d101-7b66-4743-9d21-9bf60cd562e3,1,1,0
46cd8b4d-cfae-4078-83ff-7686e77b0d4c,1,1,1
87e77111-4140-49fa-a1d4-e8383f63af96,1,1,0
a9e78c3a-40de-41da-aaf0-8af57e6ce784,1,1,1
29099226-8cee-4dce-9f1e-ea2e2e054984,1,1,1
018c5b88-f05e-4f74-b01e-6fd5c3f322cb,1,1,1
02f08fb1-4aec-48ac-a16a-89be66b4dafa,1,1,1
4a15c27d-6b44-443c-9bdf-dec2fc87902c,1,1,1
0595ca1b-f498-4959-9f48-6e4a49ab1a8e,1,1,0
d6b1cc97-8a86-46fc-86d6-6a478b9c6b25,1,1,1
7514fc42-d24b-4ad7-9ca2-c11cc06b8de8,1,1,1
fcba3084-cd24-4e70-823a-eebeadc82341,1,1,0
ec22aa21-8f67-4479-9978-0d70f4696dc0,1,1,0
f2b70917-75da-4913-ada1-997aed1d2ae7,1,1,1
ab032be1-2565-4025-a897-b01b2666997f,1,1,1
8d469402-038e-484f-8d25-4c295bd8c123,1,1,1
da1c2912-381a-48e6-a546-1432dffcad91,1,1,0
68eac61b-5174-4857-8342-43d9eb5297ed,1,1,1
e9b1e579-2e23-45ae-bd02-60ed95028c0b,1,1,1
0a864439-287b-40e5-900b-95f8320efd59,1,1,1
4fd53cc6-f2af-4c60-a34d-c3d064c1c781,1,1,1
bd81f7fb-82ad-4073-9182-5358d629fc8a,1,1,1
79b6eaf9-0343-4bc5-aaac-215b11c3e889,1,1,0
818fe005-6b33-400d-8976-e57b68bf3360,1,1,1
6e0a9034-c54a-4db1-8a70-e4e49dfeea64,1,1,1
d8bc45d1-b9bf-433e-a8fd-af2a24846c37,1,1,1
4c2fcce7-45de-46da-831d-15e5009f717e,1,1,0
13075497-7434-42c4-b4b5-f112e241aa83,1,1,1
99f29d64-5564-4d78-aabe-142cfa59ba62,1,1,1
9217939d-acc4-4c0c-b72b-0465b3104ee4,1,1,1
90f4af9b-d2a0-4ec7-b894-e08f131ade99,1,1,1
973396c4-312a-411e-80b7-ab02262d02cb,1,1,1
56439266-7715-4fe8-ae95-01ef9bf5bcd6,1,1,0
2935eb71-960c-407f-b8c5-3ab922a00479,1,1,0
5fa7e75f-420d-4627-9020-70dda15cb503,1,1,0
8552f0cb-25e2-4a9a-a3b7-b6f9b754a3ba,1,1,1
acf30c32-04f2-46b9-b950-87c21ed73e79,1,1,0
3230b1f4-3e8e-420d-8ab7-53d3e387eee2,1,1,1
68a3cb9e-8ce6-4579-848e-66b751b486bd,1,1,1
52e43b82-3e88-49a8-96ec-baaa815fe915,1,1,1
dcc8bce8-2c75-4dba-a0dc-7f8fa39ca7f7,1,1,1
e8409019-cdc9-40fe-948d-1f4c86739648,1,1,0
39f42ffb-c710-4bc7-a3af-25ade2489040,1,1,1
afb40262-673d-45e5-97fc-f9c83cf74791,1,1,0
d5c6ba08-30bd-44ad-96ef-ccafd8819c8a,1,1,1
d9b3835e-f1b1-4ea6-a89a-e94794714e93,1,1,1
744e6363-9a4a-41d0-af4f-09fb0bb9078d,1,1,1
4dc0ffd9-6cbf-4bbd-b972-58bbd0a36e00,1,1,0
406a94ee-4d14-47fc-9446-acd67b253133,1,1,0
f6c49a72-a21e-4c8a-933c-43a26b754de7,1,1,1
d5fae8be-6adc-4938-abe9-36fc8fea6eb7,1,1,1
470927fe-e3bf-4051-abf0-24d1d7e0e6ca,1,1,1
89420950-f82c-482e-b6a6-38e05ea1a441,1,1,1
3800dfe2-0ab2-4f7e-8717-81b74ad8a9f4,1,1,1
bcff6012-a92e-475f-bb18-a4cce02502e4,0,1,0
b929ea83-2fad-4af2-b6fd-0170f4bc8f23,1,1,1
3224c284-94b9-4fa7-803f-8b6bed983521,1,1,1
5c9344a0-2843-495e-825a-c28ea6ee5617,1,1,0
2780bd71-c932-49ce-b440-4db4906949b7,1,1,1
d616bc4f-0300-43ef-b785-4cc497f5002a,1,1,1
7f6c115c-b654-4e35-be0b-c324e743de11,1,1,1
82c12438-4c3e-4b47-87e3-9141b080c060,1,1,1
52110fc2-1a00-4061-9e5d-b8bd841cc6a8,1,1,1
0366c9c6-3e19-47ca-8054-5fcbb08bf5c4,1,1,1
794aa518-4f0a-473d-8523-5b42cfd58aee,1,1,1
b8e2ae6e-cc9f-46a0-8644-a2ac14124cb4,1,1,0
4d7e2f92-8f28-4eb7-8af6-3a0df85c3194,1,1,1
4add661d-d9e4-414c-b4b9-588070e4a28e,1,1,1
c6a2f4aa-0e10-4376-8cd5-237ba98e9702,1,1,0
51c79081-aeb3-48f6-891c-f025e3f3604f,1,1,1
b2589039-4654-4c63-b785-5e090b9eba01,1,1,1
2615c1fc-b1e7-43d1-b73b-28189c369f87,1,1,1
49afd4f6-5fef-4f0c-b93f-5d2f0466d73c,1,1,1
4e4e59f4-aeb7-4893-8527-a4781dee2b39,1,1,1
d608de5b-0b14-42ae-b8a7-66ca6dd35eb5,1,1,1
38189631-8d90-4366-b157-3512735ea7a8,1,1,1
dd1662db-75f6-4909-aaeb-fdee2b3dd5fa,1,1,1
d138ec20-1c0f-4570-9fe8-cba517d659c1,1,1,1
3dffee7b-3233-4014-a524-997ee83de417,1,1,1
4765a320-d1f0-44cb-8de0-e540ea3807cd,1,1,1
45c95434-9da7-4b03-a97f-1736a472ba3a,1,1,1
9c9ee63d-0206-4659-bf84-0a8fe13172b1,1,1,1
cb5cb80a-e995-46f7-8cb8-eacb77528f87,1,1,1
a41bfef6-02e1-42cb-a073-784c94095ea7,1,1,1
6564acb1-88f9-4386-8917-b7ec19329abd,1,1,1
79174d04-7a9a-4ba4-a6ca-ce45e6800857,1,1,1
814abffd-9463-47b9-a162-fd93d156b863,1,1,0
56cde810-3f6d-48c7-8788-a44ea4738b59,1,1,0
129d24ad-2dc5-4350-9d48-96af10f5b3b8,1,1,1
a52e1f8f-444f-46c1-aeaf-92e16bc84823,1,1,1
d022e115-231d-4a71-a5d8-eda5abdf35f5,1,1,1
b72eee78-a3d9-4c73-9ae2-b3d86b2d9c5a,1,1,1
c5f7f58c-95a1-43ba-bc31-3ad648f93fa4,1,1,1
1f7ae1a6-de85-4374-b586-f0ac64b45f5b,1,1,1
27543959-efb6-4608-830f-e511ef3dda5b,1,1,1
5689b9a3-36ed-4fde-b96b-f409b48cabf5,1,1,1
17688514-31a5-43a3-9181-5d1f99406159,1,1,1
7cdb2427-579a-4c06-88d4-bc5130091b19,1,1,1
d7f6e5be-3422-436e-b9fc-254c8eb64c4e,1,1,0
1d32462c-8a9b-4c82-8764-65b8aabcbfc9,1,1,1
edb3af42-7bfd-4c4d-9cfe-979298afe963,1,1,1
11d47441-8463-4c72-9147-09028ccc0eaf,1,1,1
f1a702f1-7357-430d-a3f8-77243f947f3a,1,1,1
6711f3c2-4af5-48cf-b5de-2e6b8ad806c3,1,1,0
d6de65d3-33b2-41c9-b957-211085a0f138,1,1,1
8bf88bab-5ae5-40dc-97a7-34e6894d8ede,1,1,1
1e9d5fad-dfac-410c-9d49-639202d822c0,1,1,1
75187f14-e8d2-40d0-bfca-494f567e0fa3,1,1,1
67111e55-996c-4ba0-8443-bf667220c3ef,1,1,1
8ac03f89-94fd-4b2d-94b2-c1149463bff6,1,1,1
74714e8e-364f-4ac9-bc3b-98860bfa452d,0,1,0
72a437b2-ee22-4297-8792-ecd213c726df,1,1,0
093b1baf-3cfa-4756-afd3-342f39514395,1,1,0
cbf3e86d-10ca-4b79-a372-77459c4cf24b,1,1,1
e01ea4e1-3a8a-4e5c-b4c9-b1645af620ee,1,1,1
1e81ba9f-0ed2-4e0b-aecb-eefeedffc8b4,1,1,1
7ec9ec66-e3a5-4405-8fc0-187354970c56,1,1,1
3b14db9d-7717-4946-8635-7762d0738424,1,1,1
9b9ccadb-a1f3-4f4e-971a-45663cd8f20d,1,1,1
fb368386-ab37-44aa-bf39-a052f486af40,1,1,1
17dfeaf7-df80-4c45-bd4e-b52f39f5549e,1,1,1
49295362-ef7f-4c4f-91bd-7ca5a4b90080,1,1,1
ccdf7766-e914-44d5-aa20-8b7325511e4a,1,1,1
4ff437ad-905a-47d1-bb4d-0ebed7118950,1,1,1
c4e6f9dc-0542-4e85-ba17-e48f5f1deced,1,1,0
17d412e7-f258-4d6b-aa60-27a3b7c87f05,1,1,1
f4b18d60-fe1a-46a0-b576-7c7177514189,1,1,1
bf63467b-b81b-450d-98f8-b5ab62997b5c,1,1,1
29904953-d5be-4bbd-add8-2f1eeb4c8c89,1,1,1
51eac94a-77f9-4ea3-9405-9b6fad918e88,1,1,1
98c05c7b-19dd-46aa-9cbd-f6196925c347,1,1,1
be25ccde-2a2e-48b2-8381-ee5a4f7a41cc,1,1,1
2a582473-9357-4ad2-a47c-77f81a9c87ce,1,1,0
e1506824-cb99-4ab6-9109-9b1761ee1d43,1,1,1
cb191c4b-9ef2-4a9a-9901-88d964540c67,1,1,1
dbdb1b56-3a27-4dfc-818c-21a55828b613,1,1,1
21a519d8-0337-4f90-bc5e-e124bb48ea78,1,1,1
ae2a3111-ea0e-45f6-8f9b-200d1435fd99,1,1,1
1f977fa2-75a5-4262-9f1e-525d9bd1b5f4,1,1,1
9dd7753e-e5f0-4d2f-97f8-70059711739b,1,1,1
aca155fb-7031-4926-9db5-c4421a327c84,1,1,1
f2c2b9b5-d143-4a28-932e-31b4b5a323bd,1,1,1
b5710c56-a9dd-4ec8-bc73-e8860bc0c615,1,1,1
59cd7f33-0974-48a3-b810-1982775ad4fb,1,1,0
9e82e646-42a7-4468-b675-4ae445b004d0,1,1,1
f3666a88-4053-406d-ab77-c6cfc54a498e,1,1,0
e42d7c8a-5810-4068-883f-8d26a482c47e,1,1,0
516cae08-8db9-4cb6-a4d9-31c0178be5a8,1,1,1
83c88768-9662-4eef-8253-a19ea18cbd71,1,1,0
27afe975-f414-4b49-8ccf-3c74ac405a04,1,1,1
980e485a-c2ca-4ad3-9b81-70cc00420535,1,1,1
47e65350-a3dc-4853-a2e1-2b138d2f455a,1,1,1
18d02673-c65a-4905-a034-f8eb6b76093a,1,1,1
90372d03-2721-4bb9-90cc-ae3aa0260fe3,1,1,1
fd4b3a2b-03f5-4194-b0a1-672c92aea47c,1,1,1
51576ad3-4f11-4c2d-90a1-c0eeb9c4dbdd,1,1,1
0ffe3c6f-6be1-4212-8048-3b9ddc58c860,1,1,1
05b6261f-c59a-4325-8d9d-8d80b37a0d3a,1,1,1
463fcb75-ef37-4bdb-a70a-f0d427752704,1,1,0
9c3fa24b-22e3-4c02-8737-85292b2a43a1,1,1,1
0626e888-9255-460e-ab60-fd4bfd1a2fbc,1,1,1
38872933-19fa-4735-98c5-d6a210ec25a4,1,1,1
11f6cebe-664f-4ded-89d2-a5b6be107eea,1,1,1
4cc9f810-3fe3-40a4-a790-d93c7cc256c8,1,1,1
e86f7e81-0528-4662-a8e6-72786fda1c2b,1,1,1
9ba60414-11e5-4a0f-83ca-62c7a2a7d0e3,1,1,0
27a9a415-c55b-492f-ab2f-8286a508274e,1,1,1
6cadf3ee-426d-43f3-bc2f-969bddb4b3e7,1,1,1
a5b53ea4-4d4a-4cc9-a3eb-802052a089b2,1,1,0
3f91eaa3-bfa3-48cb-9da7-dcd01f94c9e9,1,1,1
459329da-4518-47c1-97b2-5c215439ccc9,1,1,0
96c7e2de-2e68-4d0c-9c90-3caed098c4f3,1,1,0
f86e3d12-580d-4ee7-9a96-3f3572c930e6,1,1,1
1c668578-7396-4893-b532-2339bb3258f9,1,1,1
3fcbe39d-a0bd-4a5d-9eb9-2c6f01a112bc,1,1,1
5a869f74-efbd-41a2-984a-fac3013442ae,1,1,1
f529be46-1883-4b94-b4f8-ff0b987ab625,1,1,1
a7998cab-12a7-4d1d-a128-c29d2c3e2664,1,1,1
3f9dc5cf-ccb7-47a9-b582-59761fcbb6fc,1,1,1
58fbefc8-942b-4fab-abce-0c320ef87666,1,1,1
16de79af-4ea1-42be-9812-3215c4db34d5,1,1,1
96766ebd-b6d4-4b48-9f7a-75abf3b882f4,1,1,0
fb9efb16-d113-49a4-8499-878bfbf1ad82,1,1,1
befad0ac-8da9-4cae-8849-122be446b092,1,1,1
c0a13b33-1d49-4aee-9eeb-20fd9ca12d04,1,1,1
3bd7c7b9-003b-40e3-b51c-f148fa15707c,1,1,0
8dc566fe-05d3-41aa-949d-dba94cde4ade,1,1,1
d3f57f86-05d1-4472-9df8-f0d67b319a6a,1,1,1
db70e41a-b8c0-460d-a7e6-1fcc3495b92e,1,1,1
faa8412b-d629-4aff-a3a1-14e1049ea637,1,1,1
02c8784c-29f7-423a-8633-8fb0f73a2aec,1,1,1
fa6ac094-ec8e-416e-8550-251317190d7f,1,1,1
94572ad5-7053-453e-93d7-a70815b0b12b,1,1,1
93b8d643-621b-4140-8b4a-9528a99cd46a,1,1,1
e41e588a-57a3-46a9-9862-97567aad39d2,0,1,0
d0809d46-4513-469b-9c7c-cdae2bcd00cc,1,1,0
4e1fb623-0eea-453d-bef6-0f9a94b1af49,1,1,0
5b5bc5b7-bec6-49fd-b31e-6809abe5c87e,1,1,1
7356c6a3-37a6-4bf4-8e96-cda609303574,1,1,0
13b2073b-5564-420d-bcd4-bf229705659d,1,1,0
b4b4ec4a-8c02-49e5-8c08-8fd822c5442b,0,1,0
f634292c-7902-4ef8-b106-bb45f9d01f9a,1,1,1
608178c5-a89d-4929-9da2-1bc1b919419f,1,1,0
d2735be7-4739-45b6-b391-03d4d18c3406,1,1,0
009aad5d-d1d1-487f-b678-d5e55c508051,1,1,0
6f9e6e3c-7e21-44db-8ab1-d1d260f2a9e1,1,1,1
8fd1082f-798b-4346-986a-5c0ebd4aad0e,1,1,1
1ae70182-f972-4689-a1dc-c242773bfb98,1,1,0
a5d66914-3058-4156-a752-b7ba2fe29d3c,1,1,1
dd07f6d4-20bd-41a6-b614-8e0e95482a1a,1,1,1
2c1bbf7d-4482-4e4d-b98d-97292076dccd,1,1,1
a5af5210-5b84-4863-994a-440293366e40,1,1,1
31ece1a7-8548-48e0-80ff-e3df7ada5969,1,1,0
405a3943-2c6e-4f88-a49f-dbab35deee79,1,1,1
dfb7a8d8-b133-4bd9-acc2-10356a2b2a6c,1,1,1
143874a0-2be8-42d6-b6f0-b29207c072b7,1,1,1
239f4b03-b286-40b8-a671-3d5b02680115,1,1,1
b77b1cd1-e056-40a9-b103-eecdcd34c9ce,1,1,0
514a4613-d11f-412e-9cde-2a682ef3b248,1,1,1
97f24a17-7a40-4024-af63-f7af53eb78ef,1,1,1
ffbc66dc-2949-4243-a362-4feb60b78c16,1,1,0
5b0d945d-a2c0-4352-a90c-579f306c5f96,1,1,1
4798e570-1873-431c-8803-8c74f29f20f8,1,1,1
27e785d5-429e-4e6a-9ff4-127cf914df4e,1,1,0
b3fd7fb5-916d-4e1c-8040-7777a1358d37,1,1,1
bb632f19-2e5d-40fc-8286-f2ab908ba867,1,1,1
6b7b53a7-82fb-4f17-addd-93ef99fe7b18,1,1,1
bb11adee-da04-431a-85f0-a2ff671aa512,1,1,0
cfa16e1a-a88b-4b8a-858a-912e2c368960,1,1,1
8d0ec3be-df47-434d-9046-d68c4bef07f3,1,1,1
21455d49-eb8a-4d16-b052-f1cca986e32f,1,1,1
8d71128e-5abe-466e-be13-2145678f8462,1,1,1
9fd1ee6e-5760-4879-882f-9071514dc55d,1,1,1
5517b062-2dbf-4256-a65b-b9c14aff8bd4,1,1,1
465af2d1-5c2f-47d1-a040-0ba6acb7015f,1,1,0
9589046a-f9b8-4d4b-b909-fe253d0c5da7,1,1,1
7a0d3aee-2361-4a61-baa0-ba933744d3aa,1,1,0
9f11d1b5-d4bd-413e-93c7-470e1968a4c1,1,1,1
00b74236-6a24-46b9-abd6-9a9a53f51d54,1,1,1
6aecd94b-3ce3-494a-b25a-39f7bcbfc5a6,1,1,1
fff96888-695b-4655-9f18-de39903499e6,1,1,1
1b03d3bb-4994-4e81-9656-360f24068797,1,1,1
f83294ba-8144-46b9-bbc4-250e040f9ffd,1,1,1
3f0ea98c-1be2-4003-9e1d-8d769c6377e1,1,1,0
1a7b1fa5-913a-4412-8fc7-b764bdba14cf,1,1,1
5b881ed0-e9e1-4382-860d-c2c88146e3e3,1,1,1
4a225144-2ee6-41c7-9397-7baaee2ee2bb,1,1,1
f4e68d9f-cd7c-4ff1-8df0-d64721602a7f,1,1,1
9fea8838-ec83-49de-a307-3cd982157fe3,1,1,1
5ea67dc6-dcde-4f4c-b2d6-92abf76571eb,1,1,1
e11c440b-00b0-4bb8-99ca-069d67130d24,1,1,1
5f3d17cd-9b20-4ed4-80e3-80db041b3362,1,1,0
7f4e33c8-36ac-4d36-b6ff-dc466c2eaa31,1,1,0
1931229e-ba7d-4cae-8e8d-38d7dfa45457,1,1,1
03410771-731f-4826-b5bf-5a1a8080da38,1,1,0
f86d5962-82ae-409c-b17e-dbd865f5da6f,1,1,1
bf061dfd-47c2-4393-93a7-e74996743629,1,1,1
c404a240-0e0e-431a-8664-e140e9ae6c78,1,1,1
7ca97bb0-edf4-4a29-bab2-3b6f58271d66,1,1,0
be0fd0cf-86dc-4165-85c5-15e243b7b80b,1,1,1
a111f44c-7bb6-4327-8e2c-d9da0437de10,1,1,1
4f4578de-6d32-4b1d-8783-7603c7d5f6fc,1,1,1
71e0faad-5869-4bd2-94db-df57a1d97b32,1,1,1
576a178b-5a37-458a-ba63-2de3b4b612fe,1,1,1
475bb01b-b0db-486f-a35c-880d754177a9,1,1,1
44019140-275f-4e7c-b8cc-00ce407c9b72,1,1,1
43fa9652-af19-42e2-b0b8-189475bf5390,1,1,1
6676ea8b-fddc-4cbb-b55e-8970769e7519,1,1,1
d21caec2-5fef-4c57-aa18-748b84cff622,1,1,0
267801f0-e969-4448-9088-2fbd4a731a75,1,1,1
dd44102a-7e64-4982-a21b-656ca07218e4,1,1,1
0b979922-887d-43fc-8f60-f47f121b0482,1,1,1
594d4aa3-6e70-4b50-91f0-cad383df9a24,1,1,1
6f4458c5-880b-45d3-9315-be075f9c14d3,1,1,1
87220ee3-6b9b-44ff-a7f2-50e7d95a8e62,1,1,0
29ab194b-a739-4295-bc67-4ed7b0182d65,1,1,1
2fa17bff-27a2-461a-b507-28fd6e6ffa8a,1,1,0
023e5f08-2975-4c85-acd9-19de1d3a8047,1,1,1
46bdf050-1d95-44b4-aad7-fc864d3946da,1,1,1
c4ade7d3-59d7-4c67-a2a4-f5ef2f6c07e2,1,1,1
f679fc3c-aaca-4776-9ff0-70eb23d17cdf,1,1,1
13f7aefd-b2b2-45f9-8150-e36e29f499f3,1,1,0
405f4b64-afbc-46f5-9c73-6005d5d9663d,1,1,1
3dc2823a-9d77-426a-b8fa-1af0e96e347a,0,1,1
eb1263b6-e0af-4df8-bc3f-4b26ec50b5d1,1,1,1
d245a953-406b-474e-94b9-403a40a506ff,1,1,1
de2ff16a-3109-4423-9acd-db90a7873980,1,1,1
13384232-300e-4d68-903f-c15678402aa3,1,1,1
e593f43b-c657-4664-98e8-f5a370312ca2,1,1,1
b6e6c24a-ce03-47b7-9787-6223daeb069a,1,1,1
cfb66df1-96c3-4904-a819-48de23d140a8,1,1,1
652eecac-f49f-4035-8b7d-0721479a583c,1,1,1
957715d0-c4b5-4f5c-aee6-9d11d3039e29,1,1,1
f9e0ca6b-a0b5-47d4-80d3-afa3bbc2b1ea,1,1,1
56851312-812f-43b8-91e1-64dc6889f77d,1,1,1
071087b4-8033-4ed8-88e4-19849fed2a53,1,1,0
23528d0a-d7eb-46fc-a127-495179ba0454,1,1,1
96fa2cf4-3052-444d-bbf6-a31a8b808f39,1,1,0
5a1f7c2f-8456-4960-9e37-12938d2aaa15,1,1,0
e69047bf-acf3-42b1-af14-ec2908d497b8,1,1,1
af150df7-8f71-4a8b-8760-6dc68b4e925c,1,1,1
c85bc97d-2690-4bae-ab04-331beea78305,1,1,1
ee19bd8e-f996-48b9-b300-ebe47c914257,1,1,1
21208f47-9bc8-479e-9a4e-0b2864475bbf,1,1,1
ee836fb1-8380-43fd-8c7b-3dc659f6ea71,1,1,0
1d7fac16-53d0-4611-8b2b-84932403971f,1,1,1
abc789d8-e151-4249-bc72-799c8ee643f2,1,1,1
5539eb07-b69a-4b3b-835a-6ae44189d217,1,1,0
0eb2842d-1bc7-4bab-8b0a-10a895009ff3,1,1,1
a7b3d41f-67e2-49c5-86d6-cea9d57fc7a6,1,1,0
18647c8f-119d-4b74-9f35-7e413fffd9fd,1,1,1
975c969c-a340-4b5f-a08a-b13e4ff00ba3,1,1,1
3f4797b7-9aa4-468c-8ecb-84c50574d2a0,1,1,1
3bece515-4c11-49c5-a78d-628a0ac78186,1,1,1
692cd320-2c39-4e30-93e4-70552f62d338,0,1,0
7ed596a1-d9b0-4a6c-a2f5-b3fff209eecb,1,1,1
b0e32449-5df8-49c2-ac79-b6e8deed3b15,1,1,1
09c6cd24-c263-48e2-9141-b1e3ffe2a486,1,1,1
a7869e51-21a8-4c8f-97fc-991a8ee0636c,1,1,1
4d524991-0939-452f-8983-cd51df803631,1,1,0
a4116e1c-f6dc-4a35-8cae-d193a382efe2,1,1,1
634ef9b3-5288-4cec-8709-7a35bbef5053,1,1,0
471d15e1-ae9c-47e7-b473-f740644a7cad,1,1,1
8c82750b-4970-4229-b7f8-e74cb6f78d5f,1,1,1
d7e186ad-fb82-4533-9d56-c3c2d102c583,1,1,1
4f51d59c-58a0-41bf-960c-d9f1c81bba78,1,1,0
addb6f90-165b-4ec7-b1be-7a576b429968,1,1,1
89c3a4a8-b495-4288-8123-d9b1577a2ae9,1,1,1
8cfd638d-af70-4dec-90de-84888b84216e,1,1,1
3bc226c7-bd2f-4fa1-b726-9d38e69a3a29,1,1,0
70c8607d-fe90-4156-996d-1a4a016c6103,1,1,1
ad28d360-95f8-4061-b13f-99193378ddb1,1,1,1
63983d7a-081e-4ded-bda7-f71a7d2dfb3a,1,1,1
eb5f3e8d-fef7-4d6d-8047-2da3ce9fc592,1,1,1
d8960717-cc3d-46b5-9b91-c0756970f192,1,1,0
0b246d6e-2aa0-4588-af8c-f099c60dfa26,1,1,1
4a8cafd9-e006-4cef-98d6-fa0c6425ec28,1,1,1
12851101-31a0-4375-9ad1-0a6cbd42c13e,1,1,1
951d3160-9dfb-4f38-9239-c38471c59d78,1,1,1
eea6dee7-afff-4414-a075-46b0d358bfab,1,1,1
cfed9f22-5745-43cc-b38b-606b4767327b,1,1,1
0fb9e685-9877-44a5-808f-7277bf683d84,1,1,0
efd1cd90-ae4a-4ca9-a526-5fd353cbfcd3,1,1,1
55018e64-e3bd-4a97-ab84-af7cdd0c8754,1,1,1
c8d972c2-6c86-4af8-9a83-e9a299963a96,0,1,0
38092453-e3ab-4594-a309-cb53bf8881a7,1,1,1
7c5c5398-3788-44a8-b659-6279aed24256,1,1,0
7fa1fdbf-f4a9-49d5-a9da-83dbc8b36269,1,1,1
5cb71bb8-0f73-4068-8e1d-16a4e61c21e8,1,1,1
f00bf85f-ef94-4735-9ea6-ca37edbdbff8,1,1,1
dd2f4111-ecd4-4705-8753-cf9fed24d99b,1,1,1
c2686b51-2b34-4cd1-9c40-dfbc8eb8df5e,1,1,1
d435e400-e05f-4e84-9359-4670c386e329,1,1,0
9e1ed64c-68df-42cb-b07c-a8a604ca6963,1,1,1
dff8f49e-7657-4ea7-9922-40e447bed102,1,1,0
1a00841c-d600-4232-972a-a8cd4c015c6f,1,1,1
3b8444e6-0de9-493f-a536-ac86180dbd0d,1,1,1
fde2f8cf-f9db-4da8-aca4-a171cae8723d,1,1,1
01cc14c5-b123-47d6-8e4e-1f8f9696c9b3,1,1,1
c729184b-892e-47f8-9b2d-33814ffdf7be,1,1,1
5a22bb1a-0917-48e6-92b1-d0dc82e1cb36,1,1,1
aeff826e-0ab1-445b-94b1-5bfce5be0106,1,1,1
fc5606c7-235a-4c68-b018-4b15433847e0,1,1,1
d4830291-8b4e-4d6f-b78d-0173dae00d6d,1,1,1
d4f4258b-2891-461c-952e-105ddfa582a2,1,1,1
5649d8cc-110e-44f3-9a1f-8bc14919b03e,1,1,1
fa96f036-09b7-4b08-8c52-eec568bb2e56,1,1,1
ba694028-dff1-4bfb-b960-3cf7263edc87,1,1,1
cf37870c-70e5-4f25-bf72-1ab346076cae,1,1,0
76951f1a-22bc-4791-aaf7-f00f4442f2c0,1,1,1
6eba6b2d-b3f6-4a35-8c11-31723b8ff8c2,1,1,1
22fdc328-dccf-482c-9eb7-b9f67820eff4,1,1,1
ebf61663-bd10-4135-8140-6a260c1dbecd,1,1,1
3eb7c43e-872e-4166-a5c0-875a5bed7e31,1,1,1
976db279-77bf-498b-9cd7-27a39678269a,1,1,1
951358b8-bbd6-4b24-a031-90c3ec8d8c73,1,1,0
d410553d-dbad-46aa-b886-159744e71ae4,1,1,1
9ade7795-11b8-4d31-b30f-454534daa8e3,1,1,0
2612b322-094e-4b42-93ad-4735783837c5,1,1,1
59fcf2e8-1762-45f3-87ea-d49052bd3ee8,1,1,0
91839517-19c4-4a16-8f7b-90627668e768,1,1,1
86efbe4d-1e9a-4ca4-b16e-d73f51757e6f,1,1,1
0412e8c5-ef6a-4afb-bd12-31b2d99205b0,1,1,1
0d4f01d7-670d-4a15-bf67-7d634ed572be,1,1,0
5b888b36-3f18-401d-b016-fdc8015f4a80,1,1,1
fdbcd154-14a9-418a-b4d7-b43590ef03ed,1,1,0
25476fc0-1278-454a-a58d-080674e43d57,1,1,0
d16b4c69-6dfe-47cc-83f1-654f4bd3eb5a,1,1,1
ef3bd090-43e4-4465-b080-62ad0da64a55,1,1,1
977436ba-68c2-4b5f-bc68-c86bce1feb72,1,1,1
c5c42e61-2cdf-49e5-982b-080abc673e5d,1,1,1
209ec34d-5d1c-404e-b9c7-bcd69dea2234,1,1,0
c9e1afeb-bbe3-4d3a-be5b-9534aa4910aa,0,1,0
b87539be-bd91-4277-b573-5aa5b71e7ba9,1,1,0
719e4854-7ded-4f07-aa43-1c491ed2b436,1,1,1
cc567bdf-711b-43de-a93a-d7c6e1924c8b,1,1,1
cb809ef4-f6fe-4d17-941f-24cbf596d72b,1,1,1
5fa20301-bef5-44c4-abf5-23629ee9c835,1,1,1
bbbc95ed-50c1-4e58-8ddd-684acb9fd1f9,1,1,1
cab9a9f4-defa-4514-8ae6-06029017e41c,1,1,1
631ac4b1-13b8-4065-82e1-0c49bc04a7d5,1,1,1
c6414a4f-0d79-4dbf-acc8-9f005b2c1caa,1,1,1
e932724a-b184-4b34-917e-652a761ee550,1,1,1
0fe0a379-2d01-4eba-92d3-5b7c2a65b203,1,1,1
da9465e0-8fbc-40c6-b62b-36a252272f42,1,1,1
21cbd176-55f3-4ac7-881b-8b87a54e6757,1,1,1
8b177de4-f38c-430f-ac68-771b2cf94780,1,1,1
2cf6d0a5-b5b2-42e2-b4c8-5e77dcc4bd49,1,1,0
3b94e536-8066-432c-ae8b-2d6309c78778,1,1,1
61b51be0-99a2-4e5e-93af-371e3323bdcb,1,1,1
b70982c6-75d0-49d5-b556-7d0485c01475,1,1,1
483b8f90-c25f-4558-b28f-d228551e9117,1,1,1
008c0708-d683-47e5-99f4-4b7760b43949,0,1,0
4fa20ea3-ea21-417a-a7ef-8d8ebab1d161,1,1,1
bd33e1e0-191c-4248-a136-5af1439ff6fc,1,1,1
19cda3f7-ce3c-48e7-a6ec-09cc6418c6bc,1,1,0
4f4b8f51-ebbb-423c-8683-34f601dae4e8,1,1,1
675bf68d-8fd9-4247-8bf8-b74d021b5d58,1,1,1
555f4c8c-60a9-4a74-a8ee-08ebf182eb2d,1,1,1
456926de-c173-4d21-995a-86f39b586894,1,1,1
e7162c41-e1c9-47e2-91e1-e4b862082ebe,1,1,1
b6ec4383-89eb-4ac5-813b-a9dd846c9b5d,1,1,0
14b716ed-7e54-4fc1-81f6-dc0983bd34c9,1,1,1
49d09cef-458e-405b-9a7b-1808a699e2ff,1,1,0
4a0a5ea2-8863-4ae8-9965-ff3065b4b24f,1,1,0
fc9b6a3f-e4c0-4fe8-b338-87d193d1cc7c,1,1,1
cd46b911-c21d-4d14-bf88-348fd644d56c,1,1,1
ba6375e9-f409-4c76-ab8a-eea567a36ddd,1,1,1
9e168dc4-d6e4-4391-b23b-654db2f41776,1,1,1
f68467ea-8e02-4037-9ba5-aaaf23cce71c,1,1,1
83d9bb68-5297-4a74-a9ab-00f0266e43c0,1,1,0
4c7411b3-6b39-4e1d-bab7-f5c02f49d390,1,1,1
e4d178f8-d771-4a01-a308-c8d0ff5cb50e,1,1,1
fd168a50-4f7a-47f8-90f1-d48f0f8a9130,1,1,1
b9ff6d57-3b29-45fd-9d3f-2d74667801d4,1,1,0
3724f5f0-d45b-430a-8475-ba92672f39b3,1,1,1
0b8c61d3-b4cb-4f79-af72-efaddb8065ec,1,1,0
7268c0b0-2baa-4037-9583-4a2c8e7afb9e,1,1,0
080eee58-ca36-4963-8372-b4f0f0282796,1,1,1
79d78dc3-c71c-4da9-996b-9f0e04f4d23b,1,1,1
298bcf08-2e74-4f9f-af36-f16a9283e889,1,1,1
50bed614-1b9d-435d-adcc-50e093635148,1,1,1
4bfd51df-d51f-4f20-ad00-996fafbd9b1a,1,1,1
3a2fc1f9-ba8d-469c-ab93-531fd5ccb3a2,1,1,0
cc69b0e5-d020-4797-b3a7-9570a78846ea,1,1,0
9b724326-d2ec-4192-b047-eb09fb714250,1,1,1
e42d5911-97ce-4f4d-a1f1-b804d450a260,1,1,0
3c9505ec-a374-4c49-a127-590860d36d0d,1,1,1
9b9dbf1b-d574-422c-96f1-140f16487164,1,1,0
f98a9b33-8b52-444a-9cae-db1279ff8d2d,1,1,1
44331a48-0fb0-488c-9b2b-15ae8ce221be,1,1,0
75b5f488-9e63-4d5b-97da-a89c33204510,1,1,0
96ea8d78-c565-40b3-aa97-2ba8f8f6d4e2,1,1,1
ac84a911-926f-4d26-94bf-8738f493e453,1,1,1
e7a12212-30b2-4c5b-8a72-1a10f0808361,1,1,1
5c967dee-9c98-40b6-878f-1d49e90a44a3,1,1,1
332728db-2b10-446d-96b4-056a8afb7a44,1,1,1
5c70934e-3a67-4853-980c-110b2f27df43,1,1,1
9308e0e5-ce42-4452-9092-21ad927d9ae6,1,1,1
f0c1c16c-2d24-40d4-a77b-7e6008113e4f,1,1,0
1771efc9-9d0e-4bef-8e2b-a2bf08657387,1,1,0
93116a69-ab5b-4084-9fe7-c3e2f8c730c2,1,1,1
70102072-ae21-4195-ac2e-62616290b5d1,1,1,1
333bdb2c-2085-4c01-bbdb-ddd6d5a93a70,1,1,1
4a897fcb-35b7-4e6f-844b-57061cc214c8,1,1,1
9ce11ff9-8b83-4bb3-972e-36342d6a22c5,1,1,1
68dea503-856b-4af6-9267-505fb164c161,1,1,0
8fe94fa2-7c24-4934-9904-0f4d42d58970,1,1,1
708807c9-1bed-4126-a278-8bbfc20e45a6,1,1,0
974e9e93-0968-4ba4-8f25-80be6036abfa,1,1,0
817b10ea-54bc-4276-95de-f43dd61eb0fd,1,1,0
7ce0da42-5a28-47de-a3a6-5e47b5c45758,1,1,1
de510195-3321-40c8-b9fd-c3eacb4b7b82,1,1,1
bf810f99-9aa1-4bc4-a00d-f64caf25ca09,1,1,1
c20a4923-d0db-430b-837b-2c3cb940c57e,1,1,1
331cea3d-d90a-4ac6-aa50-8183c60e7d01,1,1,1
4f71f1ab-7336-4186-83f0-7367676429bd,1,1,0
9c36f92a-9e99-48e7-9bd0-a938004608d1,1,1,0
dfdaf4a1-36e4-4e98-ae7a-a6142a153ee9,1,1,1
52075d51-7cc1-4831-81b5-dd75e35e1572,1,1,0
009d630f-3939-4925-b319-e0db7411992a,1,1,1
0dbc2b87-a9a5-407b-86eb-73858204db60,1,1,1
d3c8b2b3-4203-4efa-b6d8-77c6e2b884f2,1,1,1
98317111-28af-427f-9838-fa1b6f1763bc,1,1,1
53a24d71-141e-4a4c-8f0d-ade10f6c6ecf,1,1,1
6e43b32f-7d47-4ce9-9b79-cf4660fecd0b,1,1,1
85e27a46-4f45-4624-b5d9-d627bfd839f1,0,1,0
420c17d4-e848-4e65-bf1f-2650602e0605,1,1,1
ef678a45-a0ac-407e-b8f7-f54869560f2c,1,1,1
fa595b15-bb88-4678-840f-37cdf1a1aa14,1,1,1
a4faa5cf-ffbe-4772-b63f-0f8f3f7accc9,1,1,1
b371ba91-936a-4bdf-80f5-4902090a4389,1,1,1
78ad0c37-d438-4e94-9546-5dcf96a64d4c,1,1,0
a5453945-b8bc-400e-8975-76d2e6a65d02,1,1,1
1d88206f-3935-40ae-82d8-018a20548588,1,1,1
1f9f4221-fc45-411a-b49b-3d61d7e38b1c,1,1,0
51ced727-6f7a-41fe-a238-ceb8965c2c6e,1,1,1
71df17eb-aaf8-4783-9806-6ddd13112cb2,1,1,1
cb4aad6a-a689-43c7-bc9f-861a53724fe9,1,1,1
9086ce5a-5d17-4629-9467-406cfad262ac,1,1,0
72701698-0e89-46b5-ae2a-ed373b017002,1,1,1
6fb1e058-b894-461b-be5d-919c460765c5,1,1,1
9d66d8f7-3448-46c2-88d8-c6b09d43e4da,1,1,0
ed2f0890-e921-4b75-beef-d63a41ab003b,1,1,1
c34fc634-4f4f-4ccc-b365-104a80cc663a,1,1,1
fb32692a-5ffe-472b-860d-32583bb69a8a,0,1,0
9c0218f1-dad3-42ec-b550-a00c95913b7e,1,1,0
5eba8fd6-8f72-4e8d-aa89-6f842a568377,1,1,1
738b2c6c-9e3c-4cb1-8d42-b612451d49e3,1,1,1
6d18ef39-c404-4461-91e1-0b420ee24185,1,1,1
39afcf18-4bd0-4241-b22d-b957ae64abfd,1,1,1
2cacd615-3fef-4789-87bb-ccec81836448,1,1,1
e549da37-6745-483b-b1f6-25462e0993d6,1,1,1
8654c7f6-3adc-43aa-a1f7-5467519b722f,1,1,0
554ace6b-0628-4d1a-82fa-ffc658104981,1,1,1
1b3e6e0a-13f1-420c-a19c-6ef4f0e4c9f6,1,1,1
eb2caf12-516b-49f5-ac93-2912504131d4,1,1,1
5505edb9-4b95-4082-8479-a6c5b6a55a43,1,1,1
2c982251-5356-4b6c-bc00-981837448673,1,1,1
9e8a9798-7cd0-4dce-957e-5180c7a891e6,1,1,0
20ecfdc3-97a7-4703-91b5-2adcf62aeb0f,1,1,1
285a34ef-7a68-49dd-98dd-324fc31c0b57,1,1,1
e569aaa6-b2e1-42f0-a7b1-141fa3deaf1e,1,1,1
de49578b-8c73-472a-87c9-00cd6747b2d4,1,1,1
8bd1d6b5-7c56-40d9-a9d3-01e7c374244f,1,1,0
91be1eba-531d-443f-91d6-5f90c439fa61,1,1,1
4f1ff9a5-1521-43b0-af81-20363c98b141,1,1,1
85a89d41-5cb4-4d13-80bf-63b3e54ae86a,1,1,1
2648baec-b385-4449-8eb4-e898d553bcac,1,1,1
8e875523-3a02-46a7-ac94-031412cfc192,1,1,1
4097e9ea-6e0a-4688-8e9b-b84fc0a60808,1,1,0
1871a380-4f2b-401d-96b9-78041f6ab2db,1,1,1
3affd304-8ddc-4608-9a34-58d05f13c082,1,1,0
199909c8-1e4c-4382-842f-75d0f923c219,1,1,0
a3ee1cc4-de6f-4b9e-9d56-eb2950c7eb0f,1,1,0
f3b2cc4b-ed5f-41ab-9027-45c28aa6fb67,1,1,1
12cb05f4-8eb1-468c-ae84-e27cd4d20a14,1,1,1
03b662b9-8726-4cd0-8ec8-097ad46df5ad,1,1,1
f1764fe2-1b47-4e10-8a0b-22c53c424117,1,1,1
ca32326f-79e8-404b-83ca-ad591b96f134,1,1,1
ad52810c-5dac-44b8-9f43-47742e771f97,1,1,1
37ce4fb9-daed-466d-af55-2d9ba17476c9,1,1,1
db959092-2e43-46d2-ac22-0937c2b34213,1,1,1
c4b9be8e-65f4-4188-b5e9-60dd99bb774f,1,1,1
f62fe983-77a7-45ce-9297-d1ee5baf91da,1,1,1
99e43976-7395-428d-a8b8-a900958f8e0b,1,1,1
87fbd699-0907-41de-8d5b-975e09bbd369,1,1,1
23065846-fef1-4fc2-a03a-606fc2f76b14,1,1,1
e5737421-8175-484f-a035-b298531f738d,1,1,1
2f1f3ac7-988b-4a4c-883c-dc19f8e7f1c2,1,1,1
7ca3bf62-0d5b-4ae3-b26a-59fa73e6500f,1,1,1
45ebed90-68a4-4d9d-97b6-4151402ab3a8,1,1,1
da5cf285-daf2-4267-a322-d37839504bb7,1,1,1
6edde865-2b87-4a6d-914b-eaa22fb89181,1,1,1
0cc59477-2315-4b1a-964f-247cea9c304f,1,1,0
8315ab35-9ef0-450d-a60d-25e23f458e39,1,1,1
0079300a-4fcb-4eeb-a663-c553027083e3,1,1,0
ac7a3f8c-90b0-4e05-aa4d-f39b0138e1ea,1,1,1
c6559c8c-1014-4641-a3f5-1efe71dc1936,1,1,1
551952bd-7433-4368-9307-077f944f2c33,1,1,1
4aa621fc-2325-4fcd-b0eb-ccfefcb8237c,1,1,1
daf3bfb8-8509-49fa-96ed-addab9a1c66e,1,1,1
d4fde901-8679-4044-a07e-bc87d0ba305a,1,1,0
d8d116ea-889a-45ca-9bd6-252bde943d77,1,1,1
ad9b91b0-18fd-4305-b80b-b3709310b2bf,1,1,1
081db5f4-6380-4d94-b91e-e38fbdbc9618,1,1,0
98cf9dd8-f8cb-4bb8-8d3c-b9588c15f331,1,1,1
4ebc6420-5eb8-4812-9443-720c5fb8a633,1,1,1
38da81a7-0b2e-4a1b-95a1-d72129f6a589,1,1,1
858f2c35-ab1b-442a-8d64-61b93643362f,1,1,1
f132ad4a-9c7e-40dd-a2bc-9def1b0cac6a,1,1,0
edbce74f-cdb4-4813-8671-b8903808259d,1,1,0
d7a2ca8f-a5a9-4edc-9fc8-e3d8319f7432,1,1,1
a657fb9b-0c03-4c2a-aff8-903f70240d54,1,1,1
2cbb74e8-8ba7-41d1-a8ec-909a8de3f726,1,1,1
950e6550-ec90-4c6f-8442-01113e37c7d2,1,1,1
53078d8c-444b-4bb1-8f0e-9973e9741df7,1,1,1
0707ad53-9e51-44b2-8cb9-ffd19cb1a28c,1,1,0
3f708a16-b246-40d4-87b7-546f7a959682,1,1,0
66250460-3590-4a7a-ac72-24b2f8890b84,1,1,1
c5d93cdb-43d2-4453-bdd6-0d64a1ccc161,1,1,1
8d320170-5147-41e1-b1a1-04ca58b35f95,1,1,0
1fa1d340-a069-431b-bdb1-c239542c401f,1,1,1
aae82aa4-88e9-41fd-ad23-c13f490a6f60,1,1,0
35246613-8705-4b36-9d61-7339974eb4e3,1,1,1
d7f7195d-8347-4770-bcf2-226cfe91f424,1,1,1
cf47e579-a0fc-4554-a2c2-1cc136cd6a53,1,1,0
486ddb44-1e99-48e5-a240-4977fcf930de,1,1,1
e7e439d8-4d24-4a42-8333-4fb406297b3f,1,1,1
7562d1c6-0ebd-4af0-8e0f-036327f4b2c1,1,1,0
90f60309-c668-4b4f-9778-d6895b59afe6,1,1,1
7790304c-c43f-49fa-a078-63e1754cdb97,1,1,1
3ae17a95-a6ba-4170-8a3f-d3301603adb8,1,1,1
7f33b384-41a7-4aa4-b327-30515f9616f7,1,1,0
dead8342-12b2-476b-a8d8-4a5498a7130d,1,1,1
43a41944-ff85-4436-90d4-d898f906aece,1,1,1
85955f83-e04e-4ba4-afb2-17b8fcc8d1ec,1,1,1
87408ac5-5aaf-440a-a60b-c47bf9066694,1,1,1
cd328560-2877-4b3a-bc35-08bb282e6578,1,1,1
7205542e-8c54-4a97-a31a-d1de0f43806f,1,1,0
a98d42ee-3b8f-4b58-b1ca-a1681ada3f9c,1,1,1
a3d7703f-023b-455a-b42c-a5190e8cbc65,1,1,1
a3806cab-c89f-4131-9faf-e7c560a29f93,1,1,1
1d946e78-b396-43f4-abee-3722da6096d1,1,1,1
19adc28f-3880-454e-9a66-bd974684519d,1,1,0
e3818314-354f-4c29-963a-fc73e59a34d0,1,1,1
e0ed847b-7ee6-40c7-91c8-af3300908fba,1,1,1
60e6a7e8-d83c-4105-9b30-184d83de752e,1,1,1
efbe73d5-cd8f-40b6-88ac-8cd3c11657c6,1,1,1
3c85731d-272f-4092-8667-e26699a71e1c,1,1,1
32d15757-0d06-45e9-b4e9-f59e8205d4d0,1,1,1
85241208-8020-460a-9b0c-3c1f700b3d72,1,1,1
302e5f32-0fcb-47ad-8e1a-a88f9f251bf9,1,1,1
4678f9b9-76fc-4f73-9eb7-f4e93430c399,1,1,1
efaf90d3-504f-4f77-aa04-03393ae0cc0e,1,1,1
047bdffd-2221-49d7-b492-7ea376d5e32f,1,1,1
a4ea5aab-c089-4985-ae4f-6a40b9323715,1,1,0
92166556-97b4-4193-88a5-f7bc7bd9fa93,1,1,1
5cb9f705-7129-42a9-9df9-1695dbcc9e3f,1,1,1
d2f9234d-b45a-4af3-aa48-1842ce4c713f,1,1,1
f4d8559d-d270-40fc-9f35-8f1a43548397,1,1,1
6c46f677-3010-4719-bb1b-4f280f53eef5,1,1,0
10620141-177d-4ef9-8264-88ad8a30f8fc,1,1,1
81919ca3-5ca2-4c10-be13-88961dd3af0c,1,1,0
ba927d96-fc04-47f7-8b21-87a5dfa166c4,1,1,0
af60fe79-e7a7-4dc3-8c0f-5f65f01d856c,1,1,1
b6f68a45-6d46-48c8-b0be-6ecc8a37f1c0,1,1,0
52a2c6f4-d12c-4227-adb0-550dd89b9461,1,1,1
2ce037ec-463d-4950-9996-be3138a09995,1,1,1
271d87d1-a0bf-43e6-bcf8-0efa65d4a037,1,1,0
d2de3c2b-0043-466d-8700-9dd7b2e07a66,1,1,1
e9dee6cd-9b18-406d-a57c-0692f766ca31,1,1,1
83499cd3-752a-4ce5-98f9-926f86ff637d,1,1,1
00667449-9e1e-47f1-b272-99a19681280f,1,1,0
526dfac6-dae8-41f9-83fb-533a2c867fd3,1,1,0
7ed939c0-e475-481d-bfa6-04cf1401f459,1,1,0
e0cc4aca-0bcd-4ef4-9b60-5b68576a5188,1,1,1
a70b0ea2-6e59-48b3-a32e-56d8d94b51ee,1,1,0
3eddfe1a-30ca-45c2-b18b-c37801dbf545,1,1,1
73f54315-ecf3-40be-bf70-25be471af521,1,1,1
75daff7c-d41f-45b5-bc4f-e085c9c6d1e2,1,1,0
f706559f-a881-4fc5-8395-a52a81eea8ba,1,1,1
473d7046-6799-4d55-81c6-f20ac6cb214e,1,1,1
38abde96-9615-43ab-b237-5a00c91ea78f,1,1,0
311fb56c-fbc9-420f-ba46-8f95c43cf6c8,1,1,1
903cf6da-5e80-402d-83e8-07328fc96e38,1,1,1
a9f48bd6-d2be-4260-a998-7c092424aea9,1,1,1
44ccbac0-bfa1-41cb-9dd5-31f36a3fc5e0,1,1,1
6c164268-71ff-4846-8ec9-7ac30271aefa,1,1,1
dfd98fd6-9e19-48df-a31e-632b01a3719e,1,1,1
85959691-1a49-40df-8791-55c7a91bbb11,1,1,1
807caf76-332a-4ade-bcab-bf0227cb39d0,1,1,1
0f0c1ed6-83ed-4862-9d17-d6b7d8a092cf,1,1,1
383f38cd-0716-4b05-bd38-049b1f16c16a,1,1,0
7c0d9b16-24c6-4569-8b73-dfb835645d94,1,1,1
4405a17f-9ecc-4a16-8a34-27ef8dbde44b,1,1,0
b8114f5a-5d15-41d4-8067-72c836f0b867,1,1,0
56d719c2-4448-4edb-84ef-efdb49bc428b,1,1,1
142cce89-8886-428f-aabd-47017d1ebfde,1,1,1
18c3620d-c772-46d0-bb61-9f23645ff865,1,1,0
9fe07664-a3e6-4a41-9272-412abbbac2a4,1,1,0
b80cc134-bf6a-4b0b-84de-b47088f76b63,1,1,1
28986fc1-74b8-4755-8f63-2fcdd7a014f6,1,1,1
4e817b4d-d521-4f7b-8b9a-934bf3f4a9ca,1,1,1
1cba211f-f705-4dbe-b32f-808b72fb3504,1,1,0
087ab3e7-197b-4241-a8d9-38a4ddbdda41,1,1,1
9e807b67-5293-4f2b-b98d-a54c86d0ceb8,1,1,1
372ccd09-965c-42a3-99f8-6bcad3ee3e9d,1,1,0
7bda98dc-4890-4c5c-b870-2f68c3d05507,1,1,0
cea74dcc-e412-4377-a6c5-59de024d8a4e,1,1,1
78a57c54-e317-4481-aea3-6548f6e7dc5a,1,1,0
785eb57e-08f4-43e7-8dcd-903dd6835d58,1,1,1
c9b85a83-0a40-4589-9f5c-c93c39aabcf4,1,1,1
09114a2f-507d-495e-a08d-90aefca2b187,1,1,0
e0783fd0-4527-48da-b948-1c36ce04e784,1,1,1
3450ac82-e5f8-4459-b47e-fea5039961c6,0,1,1
3c6e99d5-5218-4d92-a60d-366319cefeb1,1,1,0
2f483d24-d8d6-4e1b-8178-256a27137d0e,1,1,1
b00ca05c-bf86-4388-90d7-95b7b8fb6465,1,1,0
14d6c865-4ad3-47f8-bc3f-eb73c1b07735,1,1,1
0de11635-afc5-4772-a0d3-b4cb09cedcc2,1,1,1
50be38c2-4d5c-45c9-913f-e4155b1bfe7b,1,1,1
b4958cd5-78f7-419a-8fb5-bd42c1eb98b7,1,1,1
cf3ef353-2791-446c-a995-4f14ed219dd6,1,1,1
8a679620-19fc-4a03-9e5f-1ebdf8e9a43c,1,1,1
1cc20148-323f-41dc-a2ba-7f2ba985847c,1,1,1
c8d8f650-83f7-4f79-8996-a5538f049023,1,1,1
dca4c61e-f5dc-40e1-82c6-f725cce115de,1,1,1
6c5ab394-d99e-4038-bdc2-9e8f9bf215a1,1,1,1
f02ebd1e-0d6a-45d3-9ea7-1cf6449304cd,1,1,1
d4ba7441-70cf-4c13-bcc8-455c2b962be0,1,1,1
3c61dbe2-678b-4999-97e8-5373b24725b2,1,1,1
e48f313a-f416-4011-b1a8-0269491f310b,1,1,1
37c1e757-5aba-4ac4-9521-4395d85b505f,1,1,0
a608275e-23ce-46e3-a790-150e67b8140e,1,1,1
a6299442-3a96-49c8-9064-4fe276033007,1,1,1
dec69ac5-0fb8-41e9-9563-eb71a1da82ef,1,1,0
1d23c253-bfd5-4ac1-9232-3302ad6cbd89,1,1,1
b28e6b90-2c94-454b-b418-55f1af4dea8e,1,1,0
33055611-f99d-416c-9973-9394d93654fa,1,1,1
2308d1b9-d63e-441d-994a-cc3ef6e2a6e6,1,1,1
e85c92b9-86dc-4529-a160-b42f6fc81190,1,1,1
6de7d43d-05fe-4a3e-9d28-e58a2795e21e,1,1,1
adb6ede0-c927-46b3-9364-5b5c31595350,1,1,1
694d4d68-7668-42f7-9c45-ec3499311b90,1,1,0
0d05de9e-0ea4-4d33-9340-57f53d1d414c,1,1,1
e855cd28-6482-4c9c-b1a7-09132af5f32a,1,1,1
3bb61c67-af7d-42f3-8ebe-b3eae809b0be,1,1,0
6b5df941-d988-4bd8-a277-a50eed735b9b,1,1,0
03466198-ec81-4736-b67f-2740ad4fefe1,1,1,0
21cd4ccc-22e3-4dff-be6d-daeb80edf4cb,1,1,1
3f4b1ff4-2efd-4f23-b356-1737c86d1aaa,1,1,1
72e2d9af-df0e-4d94-9aa4-bfdf1b759726,1,1,1
03b674e2-7a61-4055-a2b6-47410805d6b9,1,1,1
8a980a25-0bad-4d65-b891-8b8eb28335e0,1,1,0
a03fb7a3-2473-4380-973b-b05c2d5ab706,1,1,1
9b493f36-17f0-42a6-a440-e38b81856797,1,1,1
7e628636-8890-43e0-97ff-a6ffb95fa81a,1,1,1
8f847f35-672e-4c7f-9c5e-7dfcf39c9a72,1,1,0
edaac302-01ed-4477-a17a-a92397285f2d,1,1,1
dbc4db70-3db1-43de-934b-eaaecf76beb7,1,1,1
254ce35a-da52-4560-89a7-ac35154089d1,1,1,0
0e8cfa87-d9f9-43f7-8c4e-ffcd91bac6f0,1,1,1
54c492f7-630c-4237-a816-53b49ea30751,1,1,1
7b5c07ed-c773-4fe4-ab61-9f4093ddd7d7,1,1,1
a1f91bec-b4f9-4639-95f1-a15c2358fb93,1,1,0
27cab93b-502e-4b19-b9c5-755b964fc73d,1,1,1
8f0722b0-2450-4751-b124-b8dade208b4d,1,1,1
bcc563e4-069a-4459-b552-1b0b62a0376a,1,1,1
d161ab20-c371-4495-bd84-3f641aad207c,1,1,1
6d7eb17a-9848-46a3-8dd0-d64c2a57d36b,1,1,1
b382cd7b-2a85-4ce7-85d4-5ac172a49edb,1,1,1
a58d9250-0d57-4c32-9b27-f0434874fdd0,1,1,1
ef081007-798b-4e26-a52b-54643eac8acd,1,1,1
931beec3-2eec-42b2-a539-c241372c06bb,1,1,0
a390ae61-4fdb-4ecc-a3d2-7649966b21a3,1,1,0
d057453f-1b2d-41c8-b1e0-72289e0393d4,1,1,1
fdd8c59e-a121-4d41-81ce-a34e476fdd48,1,1,1
60816433-d19e-4bda-acb7-6924e635593a,1,1,1
940eb733-f393-4df3-981d-02a96002ebb3,1,1,1
d0d5c758-5f02-48b0-b8ba-7ecd04f4acd6,1,1,1
063b052c-e356-4f1a-a84a-982c978253bc,1,1,1
e97618f0-3c91-47ad-99e7-860f70056ae8,1,1,1
91a2b6f7-4421-4f5a-a8ff-72d12eab2801,1,1,1
c133ea16-cbd3-474f-bfbf-30cea1012c5d,1,1,1
c35fd228-91d7-4866-9cbe-b76f4b2eb34c,1,1,1
0793fdd8-33d0-4dc1-b86a-7e2aa107dc46,1,1,0
c750d636-0223-4664-9033-e1c8bafda4fb,1,1,1
46a95b68-44fe-450c-b4ec-f502b8e35c30,1,1,1
932ea506-efef-4015-b177-ed23d1314a21,1,1,1
967e0933-bbea-4d58-8504-34491306f0a0,1,1,1
4fd163c8-11e0-4288-8a2b-e8baa58804c0,1,1,1
4714dd56-3d1b-42fe-ab27-9468409797fe,1,1,1
634879f4-55b3-4dc9-aa5b-84a5eccb6b56,1,1,1
68fe9d28-5745-40c3-8e23-8c29d83c1468,1,1,0
4732ae60-a661-4ac6-a003-4a63ccbc678c,1,1,1
fab7d3e3-fbb4-4046-8923-381e1088f6f0,1,1,1
92e33f3b-5877-4973-8681-8b8560f05e1b,1,1,1
ad779892-1367-4622-820e-72da8f4d393c,1,1,0
860ed360-cd14-4b95-bea3-c4e200a593ac,1,1,1
8010e4e4-ba90-4038-ab69-72b89b6d9e15,1,1,1
be087cc9-7a6c-4a5e-946c-74d23d3d4964,1,1,1
0320fff0-5fa3-4a52-8d32-4d545f741186,1,1,1
d157a8a6-c6b3-4626-ad16-f06855bcdcaf,1,1,1
1882f7f3-e79e-4dd4-9961-d38beaa82b1a,1,1,1
08fc0659-b064-490b-a6e1-bd616fd23738,1,1,0
ed144f9f-1046-40d7-b0ba-2a1795dcf80d,1,1,1
aa9d6632-6fcf-4894-8733-3de225a06a86,1,1,1
0f041c23-5b35-4bbd-8752-104c4e4c642f,1,1,1
70b3fec8-d79f-4219-8626-a12875253c76,1,1,1
334a8e8b-83f7-440b-801f-ecb2902fe66e,1,1,1
03b1bc30-ee56-4ed9-85e6-96813f5fba23,1,1,0
91d71cbf-5657-4620-ba26-c77837116cee,1,1,0
c7996faa-1744-4f15-8ece-01af038bb86b,0,1,0
faaedcb0-8376-44a9-aada-f7a32e94f436,1,1,1
173ad2d1-32d1-4b53-8deb-0483a48b97ff,1,1,1
b63af93f-9a84-4370-8161-b283b7a83e31,1,1,1
fee682c8-b6f9-498b-9ef2-95acc086dd79,1,1,1
adce1b64-6cb9-420f-b2a3-28000f508e50,1,1,1
29b854e8-8132-4029-8e01-1c7427fe435d,1,1,1
75866fb5-76c6-4e3d-800a-594e8081c5ce,1,1,1
80fac70f-c56d-4157-9355-8c2e65d042c9,0,1,1
57bcc50d-16f6-4610-9dd8-a0b8944d20e0,1,1,0
a4ab5a68-5986-4c09-93d4-f66ae46aac48,1,1,1
a36393ba-cd6a-4cec-bbdb-0fd86668800e,1,1,1
79daad43-d585-442f-9df5-e10c7cd80bb4,1,1,1
784d9692-2713-4e96-960e-bfd11e7244b1,1,1,1
1a2114bc-d984-4efc-9774-6cf0d1e3af51,1,1,0
f8f98e3d-c007-446a-b9fb-521873a10062,1,1,1
7a129de7-0d0d-474f-812e-a1b07095a297,1,1,0
d6fb8aa1-19bf-4688-9b8c-f4d8cd115eee,1,1,0
cb986cf4-cd4f-4a83-91a8-86e2fe59fbdf,1,1,1
8f90d3f7-2967-40c4-8cb6-c717d61557ca,1,1,1
8bc8b47e-85c4-4222-bca5-e8f871bce83c,1,1,1
76d09484-9b28-4b50-8631-ef04c34d4390,1,1,0
98519555-9944-4305-b90f-81f08a1b97a4,0,1,0
8cf5fb79-faf1-41aa-9986-b5a67cb143b2,1,1,1
4c0cadbc-6b83-4f48-9b91-61901b286de7,1,1,1
5cdb87ff-82e8-442c-a51f-165496e7c8c9,1,1,0
a684550a-2bc9-40e5-8b89-b69785fa32a0,1,1,0
684aa1d1-b75c-41aa-b37a-cd369f7ee761,1,1,0
1a7197ab-d9c4-446a-8f7e-72c498829480,1,1,0
bec42d0b-0169-40c1-b81e-4eff4a069401,1,1,0
2de3a6be-6d5f-413b-a354-9db5f4ac9123,1,1,1
f7aec57b-fbfa-4940-9a7f-4c1c60a79f44,1,1,1
e4d95400-9cbe-473b-b1d9-039235a8e499,1,1,1
749f579e-f083-47f8-8f40-9fd6dac804f3,1,1,1
abdfc021-75bb-41f2-8a1d-d0ad59588c0a,1,1,1
558d62f3-005a-43de-909d-b883c9c67eec,1,1,1
5df760d0-5050-483e-a0eb-8b3ff23a9272,1,1,1
31e89b0a-aae8-4d33-9a1d-eb34f17eaa95,1,1,1
4d1295e7-f1fd-4b68-8393-f81a0b75fefb,1,1,1
e16abaa2-f412-4221-9898-3e568ed0cd65,1,1,0
9e0f741f-c8a7-45f0-9a35-375daae7410b,1,1,1
614841b6-2d76-4539-91cf-93bedb1c70b6,1,1,1
d8540d12-1e76-4a17-92ed-19f7a0ddec81,1,1,1
fbb57957-ba10-41cf-8506-d973e3e50f6f,1,1,1
27e5c950-6080-4556-9c85-710aad798853,1,1,0
de806106-91d0-4e09-97bc-7fa186afbeb2,1,1,1
e5157bbc-9abb-4b27-88b8-7259f9a76889,1,1,1
7a6c3237-06aa-4579-977b-d22e0bfdf390,1,1,1
10476616-beae-43d5-ae92-0448b80e8af0,1,1,0
2289d156-431b-4c14-b20c-1b135a04ab98,1,1,1
bfdfd360-1a0c-4551-be21-be55326f0aaa,1,1,1
44f0d742-352a-468c-ae15-405487774865,1,1,1
8bc701a9-ee6f-49ec-afc8-7b267bb82179,1,1,0
98790883-fa80-45c3-8418-940384dcedcf,1,1,1
21d9ec37-3d90-4ebe-bd06-d38d6cd977b1,1,1,1
50282270-d149-49b2-9bc9-9087c9048527,1,1,1
9506cc78-4bf6-4bac-af24-b41327bc5e2b,1,1,0
29178758-029e-4034-a084-8808d524780e,1,1,1
eec5053b-3b1c-45c5-9c7d-361975d40401,1,1,0
a1e5517a-1347-4056-9f1f-d0c3ca5f5dc9,1,1,1
df2cd470-0ee5-4a4b-8659-8095d5cacfce,1,1,0
36e21399-4665-4275-9b3c-7145ac827c84,1,1,1
5b331233-a3cc-4dc3-a429-1c4a0b97030c,1,1,0
8ed8b566-d9ef-4a5d-914d-c39afea2e4cf,1,1,0
7c694cb9-e59e-4a9d-bc99-32dab6488490,1,1,1
1572018d-8050-4fd6-a043-2392eb75b644,1,1,0
ee0df350-0ba3-4486-894a-35ec007164d0,1,1,1
a33b2fae-d577-4b4b-9415-7af41cb7f4bc,1,1,1
157600b7-3eb9-4868-812c-10785753db01,1,1,1
3f71d7a4-e268-41e6-aee7-1ed6e9d6c96e,1,1,1
82ebb561-6c08-4d8c-a183-9aede6bc2f32,1,1,1
76ce1c57-eb18-4766-a5e3-b794fb74cf3c,1,1,1
7878562f-1052-4048-9c3c-e6efc4a14686,1,1,0
e663d1eb-0f4d-4f82-8cc2-a0e51b1149cd,1,1,1
d1c0b557-3901-4939-ad13-173fc84f4c23,1,1,1
cf9ae99e-e567-4d45-8d5e-4a1a2a86193e,1,1,1
6dc15157-1941-4a33-a38b-88c5dcb963ac,1,1,1
e173a027-0e7c-462c-9c81-c0d129942873,1,1,1
71d75b61-0c37-4450-bdff-899a52b2fdf3,1,1,0
722d50ea-18e4-4236-a22d-2bbf5fa167c3,1,1,1
ab6df886-956d-4aea-8481-696de3727115,1,1,1
daaf9c45-e495-4c32-8ed9-a0759e4495dc,1,1,0
190e62a4-6c2e-482a-9540-b00fe96a32fe,1,1,0
6515775f-9440-419c-9f55-15d10177d1c3,1,1,1
8db277b6-99ab-4e3a-afe7-9681874af0e0,1,1,1
48f3ea27-38e5-400e-9b23-07c47ead6281,1,1,1
afadc692-66a8-4dd1-9fb1-82e53569f4e3,1,1,1
1f885ac9-a029-4b18-82d7-b7ec9ee68894,1,1,1
8201edaa-6704-4258-99f9-df7e1ef98b78,1,1,1
30e6a5c8-7182-424f-b40f-ca4a7c6a2525,1,1,1
bebe5ae2-4698-4177-9d34-e653a25acea8,1,1,1
5901047a-7052-4387-a8e6-02aca2775062,1,1,1
f4596f17-cdeb-47ab-85f6-81e2cfe91957,1,1,0
4aaf50bb-f08b-47da-ab46-ad703860a6c0,1,1,1
b3640cb6-b776-4450-bce2-292f6e25f44d,1,1,1
e6bd4ee7-a06c-400c-8d3e-71fa4b07c2d6,1,1,1
de109948-6222-4441-946d-16bfdeec9f06,1,1,1
c3fcbff5-92a8-4b32-b77f-bae2a7caa9cf,1,1,1
aea6688a-3e9c-4022-8b91-8d1284ffd76f,1,1,1
7d8ec2e3-3784-4a5d-a4b2-417042b0177f,1,1,1
70b014d3-fd1c-4c37-b27a-009fa1e5534d,1,1,1
8f387cee-00d9-4d32-aea1-193f25562b81,1,1,1
e2fd0171-ed1b-4504-8d78-f7cdc1f39f34,1,1,1
5168c3fc-5570-4cb9-b4bf-1ad227b7d9b2,1,1,1
658f2c6a-ebac-4728-b6f2-342542ef1a3e,1,1,1
2f101b04-95f5-4b93-a669-262e784f81f4,1,1,1
5e73dab4-e8f8-47b2-8358-fbbd90ece30d,1,1,1
e24362f4-d5e6-4c83-b913-70424c36934d,1,1,0
9d3826c6-8dba-4fdb-a4bc-5c57df0a50f5,1,1,1
ca025d43-1139-4124-829a-f7efff24857b,1,1,1
0e9942f1-2611-47ca-b846-5489a42885ab,1,1,1
b6518fb7-2b31-4e13-abce-1774c1d24808,1,1,1
e37f0525-05c0-43cf-8e25-154a1737bb39,1,1,1
86cbbdbc-b8de-4e63-ad15-ff27f17f6d49,1,1,1
73cd4155-afec-4833-b0f4-7074bca634b6,1,1,1
d14842cb-ef0c-4d6c-9c3c-177bffd24d1b,1,1,1
62406374-0703-4444-b48b-ecf984108ae3,1,1,0
34aae8d8-d099-4de8-91aa-f2dd4f83b434,1,1,1
6a83dce3-01ee-4a2d-a706-beb0904a9835,1,1,1
e871b6a2-c6b9-4ca5-9e01-7ef1ac3a7da8,1,1,1
6709b01d-c3bd-4588-83fe-2017ab7ec411,1,1,1
773856c7-02cd-4126-84af-99868112bef9,1,1,1
315bb6c1-4827-4c4e-ba6c-c255957319b6,1,1,0
2341b3b5-ed96-4e91-aa38-b2dff670a5e9,1,1,1
19b9c6be-5300-40e8-8da9-6d45a06f2681,1,1,1
e43f08ad-d0ff-4cd0-bb64-d2cac51d960e,1,1,1
4e7fe853-9dad-4341-94e5-eab726ceda8a,1,1,1
3961a64d-6a8e-4b1f-9657-ce31579fa18b,1,1,1
22f23de3-da3d-48ae-8b62-89d98b193a09,0,1,0
6fea57cb-50bd-4fb4-adbd-19016bd18797,0,1,1
3f002b45-3d23-4264-83d7-041150432da3,1,1,1
7f797072-56a6-479f-a96c-aef440c724e1,1,1,1
27eddb9b-1537-4440-8595-c98c229f6d1f,1,1,1
08ec4eea-4954-4510-9ae3-2d6ebe17c10f,1,1,1
2e2f21b9-908a-4983-b9d0-01832234cee6,1,1,0
fb5e6281-35c1-404b-a37c-b3d9f14e9cc4,1,1,1
db96b325-dc93-456f-99ed-886449c57cf0,1,1,1
78807de8-3a35-4283-95c6-8a9313f2189c,1,1,1
617716cd-37ff-47cc-8eac-a0da74df25a8,1,1,0
46f9e9a1-470c-40cc-9a76-e648f7ac22b8,1,1,0
6fe7a52b-81aa-484c-ab73-9efcf6fac27f,1,1,1
c23f0a5a-c751-44f5-8319-7f7aad9e50ca,1,1,1
135aa6a9-bd3e-4ba9-bb42-f9afb26491b6,1,1,1
df25065d-5485-4cbd-b899-4a6495bb53bd,1,1,0
cdd83d8d-65f4-46f6-9af9-0942cdefa25d,1,1,0
918df2ec-d56d-469d-aef7-dc161ba4092c,1,1,1
ca449761-fc89-4b01-8336-aef16b9c9366,1,1,1
0b56c1df-6fdd-4f93-8e6b-7a73c49f230c,1,1,1
b17745c4-48bb-4a90-bae3-4e683cbc89b2,1,1,1
05f3e50d-9cee-4306-a04b-c7cf01226ec1,1,1,0
eaa34d4e-b5eb-46d3-8c19-28aee20dd9e8,1,1,1
188660ce-07dc-42e6-9ea2-7ba0ee557f3a,1,1,1
4129d896-3632-4d1c-af24-af44d1c2a037,1,1,0
97a56831-0645-4530-ae54-4ddc66f5c229,1,1,1
7bccdafd-4b54-4edb-b429-68f4ba4c3c46,1,1,1
5ef42866-cbd1-445a-9c7f-a785740857c8,1,1,1
91699023-dea9-46d3-890c-bb85a1c0c392,1,1,1
cf4a8ff7-a738-4ab6-8fe4-57d517930b34,1,1,1
c92324af-4c47-4229-894f-18a1746c776f,1,1,1
e75b94c6-86dd-43fb-9aa5-9d91b2d18329,1,1,1
23416709-3b3d-4638-8f13-c01e70ca8444,1,1,1
3a8d7a9b-aa17-4f86-8ca1-f15a02c6e262,1,1,1
0c506afa-a8cd-4be9-b41f-807d7535c49b,1,1,0
ebbc7a69-ad20-45a4-9540-cc765552be1f,1,1,1
4acd0016-121e-43d5-8120-372b255197c9,1,1,0
2f3fdaec-36f9-474d-8fcc-7e73dfcc210a,1,1,1
fd3cbbba-b20a-4c70-a85e-7abe614ceebc,1,1,0
c21b8257-bc0b-4bb3-ba89-c5650a350554,1,1,1
7d8f78dc-145c-41e9-b0f4-c00d3d892648,1,1,1
5f8ee036-8879-48f8-9bdf-bd810a25031f,1,1,1
23aa2d9b-6b38-446a-a742-3ade8322f83b,1,1,1
33f357d2-94b3-4541-8ceb-288b8708831a,1,1,1
5f9f1376-e6cf-4cc0-9cd1-f62c0c31c4cf,1,1,0
dd0e0366-e189-49ce-b481-716a0d7ad93b,1,1,1
7c11b014-b1fa-48ab-b934-3783b40ad44e,1,1,0
2a1889c5-e26d-4bb7-82e2-5621a2592cdf,1,1,1
da1ba831-ea47-42fe-bb3b-8c9f97b59acb,1,1,1
c2270199-f682-4afa-ba9d-673f3d387b95,1,1,1
62567473-f8bc-4d9e-8277-f510d8c6ee84,1,1,1
1b4cb094-f5f1-46f3-a0ae-21721b305c7e,1,1,0
e255ae93-3a58-4b1c-a84d-0e84599ab3eb,1,1,1
6767f168-c479-4fb3-805f-ea42acf86a30,1,1,1
29e73138-e891-48d3-93a9-30891a0db6a4,1,1,1
c615671e-e44f-4941-99bd-35547c075f5a,1,1,1
e06ddfc2-c03b-4d23-8a00-7ad18bcb9459,1,1,0
b5ad5d8e-ff11-4e8f-92de-7aee56186598,1,1,1
8e35c4ee-b408-463d-af17-6714fa60078a,1,1,1
d2ddc747-8d00-45c4-b83f-0d08f2a5c3cf,1,1,1
aca74bc4-ef82-4504-a127-7b9663c935da,1,1,1
13b2bbae-48d6-4247-92fe-e557a4447b96,1,1,1
c87ed783-7b6d-4263-89e3-2acc9beddfdc,1,1,1
ff6af68d-6539-43a1-9da0-cd48db1337e1,1,1,1
e9781327-825f-454b-9485-8550ad7b148f,1,1,1
0f78ac9d-790e-46b6-8b74-ffff34043fee,1,1,1
5750b558-7dc4-4c5b-8447-3e32ec6e1bb7,1,1,1
9931346b-04b7-416e-b5be-9230c1a0490b,1,1,1
270ffa9e-d7ef-4962-aa7e-7174a69dadf7,1,1,1
e241c769-ad31-481a-bb6a-e6209076f12e,1,1,1
51cc6a84-3c95-4122-aa4e-9c7aad851cdb,1,1,1
78f12704-8f52-490b-8d74-54ce3a2baa0c,1,1,1
78251523-635b-4179-88b6-3457d0aefc0d,1,1,1
76ec9d40-fda1-4e09-a06c-aa27f0c5567b,1,1,0
fd7d8a22-0ac0-4d58-863a-0aecf70c3402,1,1,1
e744efe5-8fb4-44d3-ae02-ee5922adecec,1,1,1
ed184c36-4a18-488a-b81e-5d2282c11729,1,1,0
3996e7ea-41ba-449e-8dca-fdcaac1e4bdc,1,1,1
7b3bea69-09f8-4281-aba1-ddbcd5fe9a79,1,1,1
b4d9f111-2272-4c21-8479-1f7775bb8f98,1,1,1
8eefcf44-05e4-4d85-8a55-67c7edc21e94,1,1,1
80da4a27-6947-47b3-ac17-3043bf49a442,1,1,1
fae9757f-64cd-4fc4-9e8d-6732f9e6f78e,1,1,1
b398a827-9de5-441f-b814-ca552fab3736,1,1,1
14c22fbc-cadb-4e39-99c1-d65b68209b0d,1,1,0
6a8d4140-8ee0-4db8-9664-a9e93f809338,1,1,0
edbbef33-c80d-4377-8837-bf33401f60fc,1,1,1
b65ab5cd-2169-467a-bd84-b433a23dc462,1,1,1
18f494a7-80a8-42b8-a470-16b20a2ca7d8,1,1,0
9e2a1963-63f4-4cf4-9eb9-9a36baf77fe4,1,1,1
60a6b161-d7d2-4086-8cf2-370e78666835,1,1,1
3938533b-a80e-4d7e-9538-284919c99a44,1,1,1
09bb975e-ec97-4690-9f1b-31d8a2ddd01c,1,1,1
794079d2-cc25-41ed-908e-ad84eeffbd9d,1,1,1
76fb70e9-00d1-41c6-a550-88fdabd8edbb,1,1,0
255cfbb7-bf87-4b45-9f7e-d24943b5d006,1,1,1
39a199d1-5ae9-4458-9d53-c6e44c07695a,1,1,1
ba5e7214-ceff-400a-add8-3698d5312a64,1,1,0
62dda9d7-07ae-4f45-b457-cc92550485bb,1,1,1
f1caf1cb-618e-4ec9-9fd5-2abb804a54b9,1,1,1
108f2727-180d-44f8-8184-5f68e9c007a6,1,1,1
75a44ca2-b71a-4550-a0ad-0f782769f259,1,1,1
b98091a6-6cdf-45ea-817f-c90e067fca4b,0,1,1
cc6ef946-3183-400e-b796-f382eb517843,0,1,0
b060d2f3-46b8-4b23-95e5-80bd2128b039,1,1,1
a355da7c-4f4f-4b24-bd91-90d8ba422fa6,1,1,1
10931de0-261d-4328-9f2f-5c80a98fef2c,1,1,0
8f9702d6-46a4-4ac4-b12e-28dc65a95c4f,1,1,1
30815270-0ade-46d6-accd-b3e4f1d849bb,1,1,0
3ecfb42c-0e0c-4a99-b9d9-3c2377556c26,1,1,1
2b2be809-ad46-4515-ada0-27756e2ca8ac,1,1,1
17db94b1-ae3a-409d-9a18-16cb53d988be,1,1,0
7eed93f6-252c-45ca-a769-ddc7cc2c21a5,1,1,1
8a497578-6d9a-4539-8140-49d2564d2cd7,1,1,1
dd45ec0b-3f55-4c50-955f-47cafb11dd2e,1,1,0
2ead9ee7-990a-454d-ab2f-5fb88a320bd3,1,1,1
9fd0ee75-a589-4821-a380-8f9afa2832ef,1,1,0
ad62d380-8264-467e-8618-08bcb8801d08,1,1,1
73bd82cb-0e2c-4c0c-9be9-c633b5ca2913,1,1,1
caee7323-8f2a-42a9-ac7f-cb91905a996f,1,1,0
cd2ccf31-523a-49c9-897f-63c68fa7f64a,1,1,1
7949e88a-9abb-436f-9cb4-e16e9288794f,1,1,1
2eb74fae-dd8e-41b9-9e10-414b87401bd9,1,1,1
476cd0a0-4080-4e60-83bf-d73359666fc5,1,1,1
a9a30c88-c3e6-45e1-a38e-db5bad1965c4,1,1,1
69605535-c3d0-4a03-b1f8-ab1da1e2b8bb,1,1,0
5f07e175-fa47-4803-a555-de97ed6ef5e1,1,1,1
1ef4505c-3e0c-4713-bb65-78533bcc9a1e,1,1,1
1951485d-e6e1-42de-89b2-b3af4185da79,1,1,1
aae0dd0d-1534-4ead-888e-6e5b6ae6f01f,1,1,0
07df2daa-f256-423e-b2d8-4e4b448bce54,1,1,1
2df70d3f-050d-4b14-ab4a-9816c1bf67a9,1,1,0
ff5f3133-7b63-496f-940b-4e08d8814b7e,1,1,1
e96565ac-63d9-4bd6-976d-f9152abb52f1,1,1,1
df2d60f4-8eea-472f-b6ec-2251987cdd5a,1,1,1
835bc70e-214d-4f65-8cac-a02cb7fe3c48,1,1,1
b16ac580-7b27-4faa-bc50-5086f1041fbb,1,1,0
26a32711-9df4-4161-ac03-aea6e667922c,1,1,1
5c13a9d1-5301-4458-bc81-9aaeab67a213,1,1,1
7e61b7c1-266a-4b90-9940-d8df2246a86a,1,1,1
d041b395-df3c-4602-b65b-40e5f3f01194,1,1,1
95bd4ff9-91a3-46f9-8650-40c6739d09a2,1,1,1
58660ed9-9e14-4701-9e39-da9be5b4cd90,1,1,0
0fcbc4d1-8867-47c9-af28-25dc59846359,1,1,0
2cb55142-a945-4b63-9217-874a95e783e1,1,1,1
d1bde4c6-110e-438c-a00b-25a92842c1aa,1,1,0
a51b965a-454b-4e89-ac17-724db7bf4e85,0,1,0
155a56c0-03c7-4a84-b67a-b828ee8259b5,1,1,1
99f03d84-6f55-40e0-8870-4b46b9620ac0,1,1,1
d0a2ec4a-54f5-4f22-b426-6591451f3794,1,1,1
3185e683-dbd5-447c-84e8-1afeb5dd8937,1,1,0
48fec0ea-6174-4fcb-8356-8ce8e4d6f48f,1,1,0
e64e13a5-1a0b-4f8c-b988-efde47f8f0d3,1,1,1
02277207-4b2e-4337-b05c-6a6fee229378,1,1,1
bf41e2d0-b747-4214-ac0e-ff7e6fc3beeb,1,1,1
c7d7697a-bc44-43c0-9c8e-960f68ac9446,1,1,1
30dbfcd3-c441-4884-b417-f5dec8f3f7ab,1,1,0
3b380845-5e8d-4d25-b1fc-a383aab9630b,0,1,1
ca7689e8-930c-4e4c-8a99-b3aede1e52b8,1,1,1
aed103b1-b199-4c3e-a586-2877f0d6a4a3,1,1,0
0d96ce98-108a-43e8-afec-12c9ccaf7204,1,1,0
6f25ba9d-8461-4022-84e0-9e78e8f786c8,1,1,1
150b1c69-af4a-42b2-9165-1eb931003ac9,1,1,0
7dae799b-42f9-41d5-a9d2-14e89e92e5c0,1,1,1
ecd9c773-f47e-43e7-80dc-71c6c334cc96,1,1,1
3dfd1515-535a-4f50-bcf9-a3af4dff6318,1,1,0
11f77d5d-7885-4acf-b382-0866a9916f7a,1,1,1
7ed9e39a-8c0c-4d41-91da-3ce6b5cc6c59,1,1,0
8e24dfd9-5553-4373-bddc-49990559d328,1,1,1
075d7910-7455-4669-b8f0-bc51c260b1ef,1,1,1
0aab903f-cccc-4640-86ed-7f4403e997ac,1,1,1
564bc612-2e0e-41dd-93b4-58790b6261aa,1,1,1
60abb160-eba4-4b9f-a6e7-70aea22a97b3,1,1,1
d76a1a56-4e4b-4364-a7ab-15c63b511996,1,1,0
29546d13-f6e3-4fd3-af41-5c5bffd13ba3,1,1,0
59d10ac5-ef85-4d70-8d6b-f7825fb43436,1,1,1
ae74a963-2722-42e0-b45a-2e71a593edd4,1,1,1
5237b680-8090-4940-8367-61f83f6f9043,1,1,0
666b3634-6acf-4767-a8c0-4b2368aeb44d,1,1,1
bf01663e-0c13-46fd-86f8-ea656717c453,1,1,1
115ec0c0-94ca-43eb-b6de-3587c8548128,1,1,1
1cdabeb4-c4b7-4182-aec7-ead4c75f2d91,1,1,0
cfd18c11-9494-4b5f-bd36-f6e3d87a8c4c,1,1,1
64964490-5b76-42c2-b470-29613669c98e,1,1,1
deb41461-a78a-43df-b675-1c84d5d5f209,1,1,1
7c98a85d-e273-4b06-9d21-c8aabacf0fc8,1,1,0
57a2e5bf-3dce-4eb6-884a-1b6e09a5ae96,1,1,0
9c47aa98-c47c-4ba8-9e02-09c900ae4d9e,1,1,1
0adefead-9606-46da-8d4a-633a17ab1c12,1,1,1
21c30f9c-5ba1-4dca-8fda-8185a64728e2,1,1,1
ffb565b0-3785-461e-ba86-b71b60f36fb9,1,1,1
1e233c3f-2f34-4d23-a3bb-50f812cffa4a,1,1,0
0ac9485d-ee95-4272-b173-b406123c4994,1,1,1
3fa63aaa-7adc-4132-a8a0-27ed45ac32a7,1,1,0
a95b6d42-b2fb-44a9-b604-645b05ee7dc5,1,1,1
3a5c115f-e171-4f6a-9df9-94a428c83408,1,1,1
89885ca1-c68c-4bba-a765-512100a17ea9,1,1,1
61063015-d087-4c16-8516-853c9b4a01f5,1,1,0
00e72e5d-7ae9-4446-b4d1-f1b910d125bd,1,1,0
6c764e01-7b20-4316-aea7-94b2f08cb40f,1,1,1
445f742e-7110-4bf8-bcd2-9df3236087a2,1,1,1
3b8f1655-3f72-4523-a335-be893a37737c,1,1,1
769c6bad-f4d6-495f-b3ea-6f4ead6d78b9,1,1,1
fa75929e-e618-42b9-86e3-588497be13a3,1,1,1
fee6fdbb-cfeb-470a-a29e-aabde98c682d,1,1,1
78ea861e-0206-468a-804d-a2331368d3f4,1,1,1
3a767c0e-d756-4bbd-b322-e660ae4f481c,1,1,0
00400c7d-17d0-4b15-95b7-a145589fabd6,1,1,1
01c51c75-cdaa-4f40-8693-6b0f524280c6,1,1,1
9c291003-6b0e-4e28-b116-6fd74a125b34,1,1,1
c07474a7-e4d5-44cf-9548-a6383987a3e0,1,1,1
512e4fea-6673-45b5-884c-5d8a6adfef7c,1,1,1
804aeb91-b71e-42a3-b900-34c5d2022ac2,1,1,1
aae95cd5-1e98-4557-85b6-c5e9d6263c47,1,1,1
cc3cba81-e2a5-4503-8d9e-8b4a4c08040e,1,1,0
74ddd36f-2b5c-4494-896a-d74a54901aa7,1,1,1
27add36d-63d7-4e0c-9950-6439b07423cd,1,1,1
a7792a53-caee-4bfa-be01-5e1e27e904fd,1,1,1
f91c265a-e90d-44b9-b72d-eb3e7dc76d06,1,1,0
feb7ded5-dd22-4350-8a1f-0ce46897303b,1,1,1
31c8f550-c512-4aa6-956a-3b34764d71a8,1,1,0
9eb53582-ed7c-4403-b737-e349bf97cfc2,1,1,1
c648741e-817a-4111-866a-00e9404d50fa,1,1,1
208f6909-daa6-44c5-b8c6-610195077cd0,1,1,1
7544565e-9d0c-45dd-be69-23d43b92c186,1,1,1
83193582-b243-46ae-8a30-37ba460b1ae0,1,1,1
a0416ac9-d5eb-46d0-a35d-a49fffb7a6ba,1,1,1
2b5ee097-1c72-43a3-9478-05f18b45e511,1,1,1
418eafd2-5c89-4313-aee0-3cc72ba3c208,1,1,0
c77d7e41-ddbc-42dc-8abf-0d3442b118a0,1,1,1
f56f14c1-797c-4b81-939f-3bfd485035eb,1,1,1
8d851ffe-8b54-47f0-b302-eeafc1836449,1,1,1
356c3016-197e-4247-8d77-e631f749d68f,1,1,0
312abad3-e3e6-453a-b994-30e35c1ae38f,1,1,0
d5fd4d21-61fa-42c4-9171-0975cf7c2aca,1,1,1
e5433a43-01bf-4087-a715-9ccddb8c85e1,1,1,0
819251e2-d9cc-4708-bf74-128b3da9741c,1,1,1
b30b0e12-b609-4805-9614-85ee6027d335,1,1,1
5f9d2d62-df8d-41f9-9fd7-3c6ef2718ded,1,1,1
0b1c7ef1-1528-4124-b32c-59f804d2fc4d,1,1,1
81c95178-3e33-4f56-bfea-028897cfb48c,1,1,1
da2fdad5-e83c-49f4-83ae-0703b32bcdf1,1,1,1
60d4fd01-c844-40eb-9fa0-ca2d0d985adc,1,1,1
246e3b65-47ec-4206-8a4c-c880bd9d3e06,1,1,1
2566be40-80a0-4b7f-ad7a-950a96406d44,1,1,0
71d3771d-d0e9-42b3-a7bb-137b0e5417b8,1,1,0
83770fb8-d377-41fd-a2c3-9818a23f689b,1,1,1
bee24d4e-03dd-46c5-a8d2-95274b715227,1,1,0
dc74569e-de5a-412f-958d-f506b338b9b5,0,1,1
11186d35-c8e4-42eb-981b-b2b816754989,1,1,1
9d97671d-77fa-4527-9343-5811bca2e6ba,1,1,0
b9490257-e66b-4ea9-af65-acb9ab3289ed,1,1,0
8683167b-64d5-4f31-a88b-b8924f820545,1,1,0
5d97b6f9-a4f2-45ad-b710-83dc8939c888,1,1,1
921e6593-ce01-418c-8513-f426c3da58a5,1,1,1
63ff830d-fe74-4160-a571-a98685ba8f32,1,1,1
4a796443-2326-4953-ab11-14906a76bf16,1,1,0
bc1efc01-cfad-4cee-a232-2c87b3e61e26,1,1,0
a16ad10d-df8b-4b16-af04-e268830706dc,1,1,1
35002b17-98ca-490f-ad04-613bf0b7cac5,1,1,1
143fbacb-4279-4e0d-8c38-2b7667e1848d,1,1,1
bf107c91-3235-4549-b18d-0ceb950ea9be,1,1,1
3a80eb77-667e-4d07-9d42-47119f6dfe2f,1,1,0
0d829706-4c1d-4c7c-92c2-cf3a31bdf42f,1,1,0
551da980-9e7e-4bc3-a751-5867676509a2,1,1,1
2a154d4d-a5e0-4661-8562-4979fa58325a,1,1,1
d866f637-d610-4d56-be4e-10917cfc04d9,1,1,1
b93157ae-16be-4b6a-b904-83d1748609ad,1,1,1
107b56c2-1d93-492b-87ab-2cd3a3ab11f2,1,1,0
e1f651cf-e5b8-4981-b6f9-1ea39c0b27c6,1,1,1
b7e70c65-1c60-4397-8b1b-a67d52f874d6,1,1,1
7611f591-c105-41c4-96f1-27cccff19413,1,1,1
4cd57527-a735-4536-9d72-74131d34706c,1,1,1
53c58471-9703-4480-9ac5-0bbdffde16ee,1,1,1
891a5adf-917c-4ff3-ad4d-6109d7caa194,1,1,0
9591f144-36f7-4dd5-a0df-4eaa9bf3452d,1,1,1
290a6c80-c71b-45e5-a2d3-5614eccf45be,1,1,0
4fc56da9-365e-4f94-a5c6-bf41eb697f1c,1,1,1
3e2b7449-4707-4959-80a9-8d40ee1d5bc3,1,1,1
46bac9f4-a389-4bee-a5a2-f392a08a164c,1,1,1
185d2209-ec83-4b62-a05e-4317b855aeb8,1,1,1
22993d14-d600-4b1c-bb1f-8a2f870f479a,1,1,1
3624c030-0a91-43e2-b9aa-ebd98b52b77f,1,1,1
8dacc22b-d0eb-4d50-aa72-ed62f2d6d32d,1,1,1
63143583-fc3a-48b4-b950-fba4b8166202,1,1,0
bae26665-b6fc-4ae7-8253-ab4b13d70326,1,1,1
44ceba63-5c3d-4121-b8eb-cdf52f33b7b1,1,1,0
3bd2fbed-82b5-44cb-bfc6-d127646926f6,1,1,0
385986b6-744f-4afa-8d02-0f861208eb02,1,1,1
8bd85ad1-3540-4b86-8206-d63587ec2637,1,1,1
1e044299-785c-4cc0-b71e-1a402fed14e3,1,1,1
b5327864-09ac-47d1-9110-12fe7bb7cafe,1,1,1
aab1912e-1b22-4b05-ae08-e40c538babfe,1,1,1
7988e2d7-7e13-43b8-b970-4ae85522c9c3,1,1,1
ec08c09d-24e3-41aa-8513-f71a9c765043,1,1,0
b9013aa4-ad72-4aac-aec4-b9988ac673c8,1,1,0
e5871ff6-ae93-4bea-9271-bce8d87f3734,1,1,1
9ad60837-571a-44c6-8b37-f6ef8f1fe8b4,1,1,0
4a77bb6e-59f5-40aa-8ca7-35166518aa6a,1,1,1
8c5f0e56-8ebe-40a8-a5c8-83e5c2d058c3,1,1,0
294093bd-4792-47f8-8245-6b747ff60b46,1,1,1
907688de-eda7-4a74-9b6f-17d14669d43c,1,1,1
e383ce7a-1dad-4e5f-8e7a-20daec4d5e61,1,1,0
27ef185f-3996-4771-bfcf-abbafd688661,1,1,1
301c2841-9611-4167-81bc-e904860f77a3,1,1,1
16cc3c95-c320-40f7-aa22-9a9e19fd23da,1,1,1
601e1c8b-0a4a-495a-9394-90be60dbace9,1,1,1
b496bcb1-be38-4ef7-8684-6da045073526,1,1,1
c472fcf1-8211-4394-85a6-42529dfeb1a4,1,1,1
bea1219a-8a47-4cb9-9525-68d6a2089860,1,1,1
3f1b2905-ec79-4916-b4a5-ea1845ee8f13,1,1,0
2ec8fcfd-0dc3-48d0-b404-289073d68100,1,1,1
f07fde15-ca39-4d69-abc4-ccfbee53a6dc,1,1,1
945a0481-c4be-4835-a810-9c7aa7429e6b,1,1,1
f35fb88c-eb4d-40d3-a12c-89863ac5de4d,1,1,1
7e4f5000-ddbc-480e-8ddf-a5c157cff678,1,1,1
ab257bd5-2acd-4449-b45e-e005c0ddff35,1,1,0
e81da6d6-ceb1-4402-93db-1cc5f7f84ca5,1,1,1
819a96e7-815d-4d11-ac2c-f9d5e98a3b87,1,1,1
d926132f-cf03-455d-9b0a-3ffb501a2907,1,1,0
fd333351-89df-4c58-8cc8-62ceb6d0335c,1,1,1
3f40e9b1-1088-4170-b5c5-b1a1f40583f7,1,1,1
3e2aefe3-5553-47d6-a78f-ddd0bd832598,1,1,1
2376580f-4a9a-47e3-b14b-452ec49a181e,0,1,0
8bdd6fc4-c3b3-4a57-80e7-5d394210caf3,1,1,1
f5ac41df-f3a3-4d44-8228-29d2dbcb439f,1,1,1
e0078186-a468-4d83-89b8-7c1e8b5b780d,1,1,1
7f8ae363-f786-4c98-a7dc-4de7f65bdef9,1,1,1
90b6afc4-3e97-4b8b-8c09-bdda439e836c,1,1,1
a0bf7ad0-329c-4b41-9113-277e812fd966,1,1,0
25ac0dd9-7f1c-4d47-966d-35d936efb11b,1,1,1
32da466e-b017-46bc-bffa-aaa3c7bc1d87,1,1,0
713ca328-687e-4904-9724-fb27a9ae3d72,1,1,1
c81499e8-d8bd-40d8-8923-d4bc15217770,1,1,1
660e3ca4-8b7c-4646-895a-936eea58619d,1,1,1
e211dd47-0a77-4f2b-bb4b-03076323e31d,1,1,0
04c8e697-1c2a-4950-aa63-be83bf515af8,1,1,1
0b833035-5e5d-4e56-a79b-577e7ff6bcd5,1,1,1
9b8949fc-fa01-4026-9121-fd55b16e2bbd,1,1,1
de7c124c-677b-4e76-87da-888ea078f33d,1,1,0
5fe7e7db-5b6a-4faa-ae90-ddc8e5791bf6,1,1,1
9c0951aa-e895-4836-9515-8acc1e8fdadd,1,1,1
eac2ef36-7b8d-43f6-ba46-879a2f8efb53,1,1,1
56c75355-5cdc-433c-8271-887cec227ec5,1,1,1
fbe33855-b8c8-4bba-ab0c-e5637fcc076f,1,1,1
05370745-f8b8-4f70-a0ea-b4f7c5dd2eb5,1,1,1
cf690277-4e87-4180-a3cd-d4428ef43f60,1,1,1
94429e18-405c-4409-a2fd-1633c6b182e4,1,1,0
acf18711-54a7-4abe-b757-9bd6cf409661,1,1,1
c5261eb8-f480-479f-ad20-6313469162a5,1,1,1
abe3e241-194f-4ef5-bcee-d217e408d1be,1,1,1
d703a417-a590-47ea-8bc2-b5d4aee0c5ce,1,1,1
742a93b8-542d-4081-b371-c3d7e51e76ee,0,1,0
7dc5f236-a9b9-47e3-8545-dee1b5f03707,1,1,1
309ca60d-e09d-405a-9dd4-e72f86c2bd90,1,1,1
84775c87-8304-47b3-b169-b80c96caddb7,1,1,1
75b13096-00fd-44d2-af42-642131eeba1c,1,1,1
9359ff46-9dd2-4f36-81a1-341344eda571,1,1,0
1605f10b-717f-4a81-aaf2-08a4ba8d3b40,1,1,1
ec6f7ef6-1c9c-4a7c-b120-7aef844aa537,1,1,1
b15349e6-a6a8-46f7-8f0f-ff4f3934fff4,1,1,0
20c19891-3c27-4e9b-b7a4-abfd7497b1c6,1,1,1
7dffca03-1649-4b9e-8a48-4c912f1f49a6,1,1,0
6748ab8a-fc12-49b5-8b5b-678b8a102108,1,1,1
348ae13a-94b0-410c-9251-ff227327ca65,1,1,0
ff27187a-09b6-4e30-9e4d-ed6d9759deb6,1,1,1
c8dc773c-96ab-4f80-a6b3-d65043e0f8a1,1,1,0
50051bd8-3311-4259-88c3-b8a3dce85c36,1,1,1
e99e5642-c24c-467f-bb5a-df211a3669f8,1,1,1
cf067f96-a674-43f6-97c8-66ec9902b9bb,1,1,1
e5b140ea-622a-4953-962f-00e6225f8fd5,1,1,1
f38ce70c-7aa4-45b7-9499-a4fb18e5d9e1,1,1,1
1054b49e-9fbe-4d23-a5b5-e6ff1d658ae2,1,1,0
09466e1c-e2ca-45d1-bfdc-d9a8ef0968dc,1,1,1
ecbdf882-6a69-4910-aaf3-9ee2c4755d4a,1,1,1
519f4ed8-9e00-48ab-8e2e-8f8d400ed478,1,1,1
e307cb32-25fe-4e48-a068-2d252d1a5927,1,1,0
3eb001ea-9d61-41dc-b012-239147f034f1,1,1,1
a95a443d-06ce-4841-9663-77e318c173c2,1,1,1
6f5e65df-6b7c-4c8f-82fa-76675f17153d,0,1,0
815c7c03-1a93-475f-9e46-b662010e3802,1,1,1
922d35c1-eb4b-4ad0-865a-bb516dc2e92d,1,1,1
67367306-c0d4-4365-8c93-2b51bf02903e,1,1,1
8a058829-d690-43db-a81a-7ae896a80d0e,1,1,1
06264ce5-2fb1-4766-932e-03f41ce884fc,1,1,0
6ead878e-d668-43ec-9fd6-309ee96baed2,1,1,1
9a436cd0-2350-49d8-b06d-bd5e98585dd0,1,1,1
6af61785-53b3-4e13-9aa2-40508d311f37,1,1,1
b8ec3668-1e20-4433-90e2-f9f24c9cc01b,1,1,0
a2468b3d-54c9-49cd-b63d-e65962892d87,1,1,1
953ececf-5488-463b-bf67-e508b8e623c4,1,1,1
cc4ea674-f396-4088-8a15-395eee7849f7,1,1,1
efa315cc-0a63-42b0-b9f5-103c0162b6dc,1,1,1
ec3e5a0e-1dab-49be-bd97-05039d304a24,1,1,1
7b309b60-9ef0-4291-86fa-daffdf728620,1,1,1
2c62635a-e024-472b-8a3c-44ccf0d1e877,1,1,1
80017a33-473a-4326-beac-dc31e3762cfa,1,1,1
92286ee7-eec3-4a9e-8175-ddd202137af2,1,1,1
13f93a2d-3ce1-42bb-af97-40e1c318a989,1,1,1
224832bb-583f-4cd0-8073-5fa89e7b6fc5,1,1,0
14c0a806-270d-4871-a985-018156923e8a,1,1,1
414756d9-c2b1-4774-86eb-7c098b776f15,1,1,0
85df97c9-5d87-4710-b61e-14a05a9fa676,1,1,0
fb2e0edf-564b-457c-92c1-48fcb8942cc8,1,1,1
25a04484-56d3-4f0a-b2df-e8d23576264e,1,1,1
621d738c-9b98-41de-ac3d-e1d6a53f900c,1,1,1
2970cf3c-9073-4326-ae76-834c826d5c57,0,1,0
b3c4ffda-2a2f-4b3b-b29d-d7c563442868,1,1,1
b0b0dd24-c80a-4f2c-b64e-fef3edc18f20,1,1,1
58b02e1c-5197-4321-9b5d-9ab99b5939c7,1,1,1
ad810737-78c2-423d-8bbc-a54bef3197a4,1,1,1
a94e6e57-d69e-43de-90fc-9e51c271c704,1,1,1
3e8b2d26-07e1-4685-a9a0-7e4ac28c8ab2,1,1,1
c0d27c8b-92b4-4129-9304-10cb10b7e2bd,1,1,1
84e195a6-b04e-4e3c-8272-62c8abd7b9d3,1,1,1
88e5309c-002d-42b0-a6b6-9ac0c3d9435d,1,1,0
67e8a4f7-1292-4ad6-9eab-ce38bc8ff85c,1,1,1
8bccb4c3-759a-4bf2-b06d-e007eb25468d,1,1,1
41c97af8-4f51-4e67-8693-e0d1056916cb,1,1,1
5dcca894-0098-4f77-ba0a-09ef0f2cc87d,1,1,1
3ed35c6d-976f-4a8c-bca7-cacaeeb39e45,1,1,1
6f233462-794f-4c12-afe1-4aac0245f2cf,1,1,1
2d0dae31-590d-499b-9e66-2ccfb3b8fe29,1,1,1
e18ddc27-025c-447a-a8c3-ca8d1e1cefbb,1,1,1
d78be883-6495-4e00-b572-177c846a780a,1,1,0
13b2d954-4f89-44f5-84dd-609fc154eaee,1,1,0
1d3a2bc6-3076-4f35-9a0b-a64c7ca149d9,1,1,1
b5ac634e-d284-4fbc-948e-2b529b15e440,1,1,1
c890ffe9-8e73-45be-ba69-7eb27ee21644,1,1,0
2950e211-f5eb-4af7-a6ba-660c6c888b71,1,1,1
3f90cc8c-68d9-4212-a936-d44470f31dec,1,1,1
47425962-0a3e-43c1-a369-465ae89ed4f4,1,1,1
b3a98d70-0b0d-497b-a699-e104bb46b48e,1,1,0
9c6865e2-d71f-467a-a7fb-392b0d0c9cff,1,1,1
c37af26b-2706-4d2b-8576-0e30ac437fb7,1,1,1
7fe758f8-4f35-4322-8190-bdf01ff11755,1,1,0
975f8f3f-8341-4ca0-9fbe-9f1247adf87e,1,1,1
f1342ed3-2045-4959-985c-4434dd6a5b29,1,1,1
47239070-2bbd-4ae2-888f-8b27b44bbf60,1,1,0
a1f9152f-a78a-4f94-a4ce-00aaf82a1af0,1,1,0
6d20058e-1975-445d-9105-e8cdcd21852f,1,1,1
1d54e569-c23a-48b0-8040-8125330a60ac,1,1,1
6bc7c7a1-371c-4d30-bf60-9f688c61956e,1,1,1
2b446398-79c9-45d2-8421-1dae0484f2a1,1,1,1
1dc37e58-a6eb-4081-98b5-9e830d1c3268,1,1,1
fc4c91ab-6995-4009-96d9-3fc31c2ea114,1,1,0
2c185686-8dcc-4ee5-bbbf-b39291e9170b,1,1,1
e403bda5-4c0e-415f-88e2-f21d58c0a906,1,1,1
a53f7341-1f74-49c1-9743-f0c7c3405a8b,1,1,1
589f22bc-68b3-435c-9a0b-8524b54fa9a7,1,1,0
a531a306-0a63-4bbc-a1e1-28e96cfa343c,1,1,0
59931429-3f0a-4413-9ed8-600b96d5a746,1,1,1
c05265fb-5d9d-4159-8fe7-80c9e10fd90b,1,1,1
921685a4-e895-4301-84e9-33fce5d61702,1,1,1
3ac15a2d-aa1a-4b84-807d-10b24fc4fa6f,1,1,1
77adc8ad-7b41-4a7c-8753-c815dcf1aec9,1,1,1
3de1901b-eea4-4c1f-9446-8c9f343613d5,1,1,1
8fafe8e0-927d-42e4-8d3f-f9541b3dba94,1,1,1
683fce2f-8652-4989-91e7-21e1a440dbb6,1,1,0
79738647-e58e-4aab-b3c2-31ee3043c8b5,1,1,1
21ecffbc-c692-404c-bd2f-c0c50c21395b,1,1,1
d2fd2693-6ef9-4b1e-bc85-746407a9fdc5,1,1,1
5c3bfad2-db49-4119-aaf0-5aa68341760d,1,1,1
fdd28c9c-0839-497e-aeab-6cd4e1bdaad4,1,1,1
7591cbae-4f21-4b0f-8719-01f5197cd24d,1,1,1
9a3d7e83-422c-4781-ac50-3d695b27c9c2,1,1,1
027c8454-6aea-4e74-8b46-125589ee4b47,1,1,1
38029aa7-f023-4366-941b-d612148ba39d,1,1,1
30f7576d-6096-46ce-b398-cb6af5582a9d,1,1,1
40e30609-d305-4a62-b42b-bae3ded48bf8,1,1,1
43e0e90d-203b-4042-8ac8-5cf9e49c51d2,1,1,1
f43868d2-100b-49e5-ad4d-531d1911c10a,1,1,0
f1b8ffe3-db92-4b60-82b5-08026e1ba583,1,1,1
0225ad4f-adee-4ab0-9a35-809ca614161b,1,1,0
e491e3eb-2334-4f27-a6f6-449316ec133d,1,1,1
fe50a55e-c485-44d3-af47-8de1b934c9b7,1,1,1
8bec1e6b-b49d-473d-ae7c-7e10f887cb0c,1,1,0
1fbaa8ad-3207-4a8f-a2af-30ef7528e9ba,1,1,1
e6e132d3-90c4-43d0-ab0f-827d693c58ea,1,1,1
5cbfa4c2-75d5-489e-8f84-671dfa755535,1,1,0
fcd161fa-e638-4096-9ee3-ba89ccd9fb70,1,1,0
49601cb6-3644-4197-a004-e3a511dce455,1,1,1
213dd123-9af1-477e-b9b3-3e5952d84dd8,1,1,1
08165360-d656-4a9b-b2ed-407575474a91,1,1,0
fec44cc0-ffcc-47cf-b2f5-218d9b852345,1,1,1
9e0557b3-d612-4e13-890e-1da8fac370d8,1,1,1
aef33236-79bd-4951-aab1-96185f4f7188,1,1,0
8fc90735-54d5-421f-b8c2-0ef7662e9509,1,1,1
c9c4a138-0fcb-40f9-afbd-564a34d3fe6b,1,1,1
41c8bc8e-67be-4995-838c-449a3a3ef0ce,0,1,0
8c9f4118-a9ec-44d3-a701-464925e6b0f3,1,1,1
0d0c2458-a429-4339-b285-dba2b599783b,1,1,0
cba80659-8817-43bc-bdf5-0b5c5ef46017,1,1,1
fbcb9a87-5270-40b8-a1c1-10ff327b5b8a,1,1,1
7286f62e-f2b1-4fe0-8d08-83eecdd210af,1,1,1
ff073c55-9816-4f62-8fdc-d8c85025d816,1,1,1
ea021d56-e979-497b-913e-6a06daad89fa,1,1,1
0f575efd-ea5d-4b25-88d1-10754744c1b8,1,1,1
86ccfa18-1d81-4d8a-a902-9ed2f19f9e43,1,1,1
38a86d72-e4d9-438b-8e96-5a49e8aaabae,1,1,1
626262dd-edb4-477d-a025-8d37e57394e9,0,1,0
a4b50b76-23b7-40f6-9a32-2c2fbb5ee5a4,1,1,1
6348d152-3884-4ca3-b24a-c9fab927d5e8,1,1,1
7b412f9d-d794-499e-81fc-1e21ed1e456a,1,1,1
add8cc96-397e-4c6a-9c37-a49b2309b2ab,1,1,1
44594146-91f9-4639-a72d-2de83cc09d54,1,1,1
593b9219-0f76-4e73-8ff2-41ef084b80f9,1,1,1
d5b7f34e-43e8-4032-abd8-fe6b8e6b281f,1,1,1
068d6856-8d3d-4ebc-83a7-e8be24d3bbc4,1,1,1
203a2539-0103-416e-ba5f-64384a79db2b,1,1,1
f1195ecb-57e9-441e-9702-1a9a081b1860,1,1,1
0f399e72-8574-42b8-821c-74ac4e4636e4,1,1,1
791b0b04-aa92-47b4-8652-8a51d6367d93,1,1,1
6aa0fc3f-8fd9-4171-9044-3cce670f8453,1,1,0
562af2c8-66bd-4f5f-8d33-42cc69ce7b5c,1,1,1
6ccf1c6b-be0e-4394-a365-22adda391ba9,1,0,1
70e6ecf9-ecd3-47d3-a994-f5979872c8df,1,1,1
4a21fa93-9f2e-4d1b-ac26-aa2f92ca94b7,1,1,0
fbd342cd-f2c4-4361-b0db-92459dc43589,1,1,1
6791508d-9687-4511-a94d-fd7280d32df8,1,1,1
d32ae404-48b5-4378-b7d5-4cd113968a8a,1,1,1
66020cbf-ab63-46a0-ac3b-400820ae227e,1,1,1
d5f1813f-9658-44e6-a901-53d72694a774,1,1,1
d03d3c99-becf-4f9f-8611-416d9529afdb,1,1,0
b9d655d7-5925-4473-bea3-49912fab5f72,1,1,0
0d3d0e9c-8bd3-4356-936e-af2d0be3f545,1,1,1
f3e5d708-05a4-4fed-89b0-f3e7b589bd6d,1,1,1
fdb20c7e-e701-4038-a543-f1f9b7f1569b,1,1,1
079b173d-013e-402b-b9ad-8e9e8619fea0,1,1,1
77211d8a-9ffc-4dc5-9812-8fc5e76e118e,1,1,0
e33e32f2-ec9c-462d-b768-55fc1e9a0768,1,1,1
4771854e-6974-4005-8f43-da75490ac60c,1,1,1
b330abff-cf26-4b02-9e07-5b81578c6a35,1,1,1
e395e38f-6354-4303-b83b-e30858e6f64e,1,1,1
793cb06a-1d9c-466f-bdfb-1ef7972c2309,1,1,1
8c96e533-62a8-4cab-93da-74b6cbc0b93b,1,1,1
a9727445-3145-4429-9af4-5f548cccce5e,0,1,0
98246f2f-4734-4e66-8a44-d857e098b942,1,1,1
0ea6b336-921a-4264-9b13-34d1aa4a6e60,1,1,1
3de0210e-18d2-40d2-8de9-7ddf3eade508,1,1,1
e074e4f4-6e44-459a-b5a2-66506be3a0ad,1,1,1
f8c38d9a-1c7b-4b64-b54d-d95df4655f39,1,1,0
367427e3-53af-4a54-a907-b4ad933cb359,1,1,1
eb2a16c6-50e0-48b7-984a-e298f7b37486,1,1,1
c1e09ab4-0e45-4280-a27f-e5e126f66af4,1,1,0
a25e7778-6fbe-4fdb-a827-e1b2776ef1ce,1,1,1
a1cda168-2b72-4c94-8c5f-bfd8a73b5904,1,1,1
d9595a7d-8591-4291-8964-0bd1d5cc875b,1,1,1
d210e274-ace4-4ce6-b078-0e896793d37a,1,1,1
ac4a6de1-fbfc-4883-9256-a1dc1acfe592,1,1,1
6a91db03-b3f0-4828-bcec-4193e481b275,1,1,0
12c65867-6ff0-4821-b6fd-980a249250ed,1,1,1
61b17d77-0345-4e9b-b423-2b8ac19775c5,0,1,0
f3843194-f118-4b5d-ac6b-789b85975e16,1,1,1
0dd66b8e-5ad9-4355-8db7-b837804f5428,1,1,1
606ad379-5e7e-493d-90d7-cc46799e7ab2,1,1,0
ccbbb54c-517a-480e-924d-c76908def4d5,1,1,0
5f124079-cdae-4075-8053-abe3a4858d1c,0,1,0
e5906b2f-b3d0-4673-9e97-45327e676f4f,1,1,1
c839da79-1cac-4913-ad4f-c2b1877e13cc,1,1,1
795ed404-b5f0-4373-8201-426127264c28,1,1,1
7010219d-1527-49e7-bd09-60efa6ea9bf4,1,1,0
09dcf741-919c-4ce8-9fd3-70f97228ed0e,1,1,1
5cb2c775-eddd-4b90-b655-9529d0bb9a70,0,1,0
c880f2c6-9157-4608-8405-576e36755a20,1,1,1
bf699d51-1594-4b9f-a2bd-712568433e21,1,1,0
5c97e888-6d0b-4d24-bac8-2c6641cf8ee0,1,1,1
99d1ad72-b440-45f1-abdd-f487cbdc6346,1,1,0
5979c4a4-821f-4b0e-a102-cd6849a2f6e1,1,1,1
2d010c9f-4a2d-448c-bc77-e32cf07737c3,1,1,1
6290beb0-217b-41d8-bf5c-2c74bead6104,1,1,0
fe8267f3-8b60-4de4-8489-2e38fb29331a,1,1,1
6ffb7482-f445-45e1-a5a0-c20bb8537887,1,1,0
ed5c52d6-7bbc-49e4-9364-4dd346e43007,1,1,1
ecb919ff-211d-43d8-ba85-671f50a6ba9e,1,1,0
e9866f11-f3e7-48b1-9a74-934c8b73fe92,1,1,1
15d3d1cc-9b2f-47d9-8897-0c36df580068,1,1,1
c5982b47-c887-4958-b2b2-499f34530442,1,1,0
e9fc88cb-7f49-4a2b-ab61-fc140936f139,1,1,1
cd88995d-e2f6-454d-9bb3-a75e9e7566d9,1,1,1
bdac5ff8-0fca-45bd-8646-36e3d79b2250,1,1,1
82a858b4-2f3e-4d21-ae61-c51d25393975,1,1,0
1eeedc8e-53eb-4c58-8124-2e382bebb087,1,1,1
ef6b60ac-7aba-4d23-bcb1-5fa625734320,1,1,1
1fb1d6a2-ea7b-4a2c-9215-07af8cb45402,1,1,1
152f751a-70a6-486a-b2a1-2c979da26e24,1,1,1
91b643ed-3de4-45b7-82a0-eef0ccc660f0,1,1,1
6c8f7e5e-b5a2-4a50-8b52-e95ff8bc942a,1,1,1
ea3b6adb-7188-4a1a-a694-4336cd284865,1,1,0
a99ee4d0-ef1b-4801-9a00-c4f90b8d3be6,1,1,0
c8a8a3fe-d790-46e1-88bf-8b3cbe56f3a6,1,1,1
9b6f87ea-7863-4a46-a53e-4a740a7d10ba,1,1,0
8694dbba-5e1d-4eda-aa1e-7b17e35599cb,1,1,1
58ca9f58-3ed5-421a-9815-c2ec42501f2a,1,1,1
9f5a424b-7fed-47cb-a283-63e3cd0ccfa2,1,1,0
ca6e36c0-4f97-40ca-89fa-c88cdd70ca70,1,1,0
7d62565d-9c83-4139-8ef2-e863233689fe,1,1,1
6c85787f-f6f0-421c-8597-f3fd6c62da6c,1,1,1
02296625-82d6-4bfd-baa8-34566761cd95,1,1,0
11dee389-d145-4e4b-b483-f686de62db53,1,1,1
0d412c1b-bfdd-4df0-89f0-7c9520c16b62,1,1,1
c8e426b4-b525-4ba5-b583-db1fe80b722e,1,1,1
34099821-b4c4-47f7-8f5e-3c2640cef8a4,1,1,1
b0aa7377-d25c-43e6-a6a9-78883bc87fb1,1,1,1
d082f009-a6a8-4803-a0c9-5d3644e4a193,1,1,1
9b14d733-ccf3-417e-b232-05504f8fea07,1,1,0
ad87c699-81c6-4618-90a3-5430870ebaba,1,1,1
1b94b229-b581-4cad-b911-cf1d49054175,1,1,1
4fdec4f1-fea0-4aac-ac12-a5e4320c502f,1,1,1
bb6f94d1-d2f3-4f81-a265-43207879e9bb,1,1,0
b0eb3975-bd4c-40f3-af01-38b7388a4dc6,1,1,1
f730a359-a8c9-4252-a207-e61866ef0b74,1,1,1
da240017-f249-400f-8215-dfe87b0b40ff,1,1,0
d4089dab-b8b8-41ff-8b16-9cea10799091,1,1,1
a3435623-a8e2-4891-99ab-7c9c4cac671d,1,1,0
bce83ee7-0111-462d-8c24-4236a66815f8,1,1,0
6d35bb95-b4c4-4aa4-9c18-9c9eac089217,1,1,1
9a4f45ef-505e-4551-b7bf-6b5551f416e0,1,1,0
e24d1758-1ef5-4824-b055-5d30b9a07abc,1,1,1
d7aa0d41-34db-4cb1-ad4e-87e5a1015214,1,1,1
23090ccd-e449-4512-af8d-9a2971f18f50,1,1,1
22253894-0ce6-46e0-8ab7-d245a520dc2b,1,1,1
9366158d-9391-40aa-bbe2-6304a70f7f52,1,1,1
ff93baea-42ca-4701-8698-8b89a560cfd4,1,1,1
3614c5a0-9944-44b9-8997-63af66c5b6dd,1,1,1
5ca3920b-2a74-4771-af8a-3916bc3eb31b,1,1,0
f6c064f4-ab27-48da-a316-704662cb4ab9,1,1,1
2b8ab18f-c500-4b91-a751-d52871cfafa6,1,1,0
0c53c810-6564-431e-9b01-1759abb89e48,1,1,1
5c63c246-075b-4825-b939-fa88fc9813a8,1,1,1
e464550d-03ad-4c1b-a15b-8939054bcce0,1,1,1
35def164-0d08-4273-8ee5-51ff3f63ba48,1,1,1
0d487a50-01eb-4b49-9bad-53ccc1f172d5,1,1,1
03d35750-7c94-4b97-b129-10a5d16c6145,1,1,1
ab3ff66b-f5a7-43c2-ad5e-a89d886b0338,1,1,1
dd5802dc-f1ff-4349-b60b-ab177b337f94,0,1,1
336fc5f8-4c52-4723-9f52-fe2f1a41be83,1,1,1
cefcfcbc-1446-47dd-b4a5-c9308d37331b,1,1,1
e299d33f-1b60-4e98-9fa6-47d7cdbaf763,1,1,1
1dfff74b-9d70-45f5-a5cd-76eb5dc7f9d0,1,1,1
fa309068-8e44-4596-b98f-8456ea189b89,1,1,1
95c9827f-7c20-4008-8f51-6dbffdc3e9bb,1,1,1
acd127f1-e841-463c-a627-d2ef8952cea9,1,1,1
8be6f885-dc6a-4025-83ad-e00567acfc46,1,1,1
937af3b5-b5f1-4c29-940c-cf8606c3bffa,1,1,0
9da873bc-92fb-4ea5-bde4-74a8691f92ec,1,1,0
3d68a7fd-7ac7-4ee1-bd69-92ca9b583fde,1,1,1
3b43f153-6cf1-4bdc-a4a4-a9fb97a9a9e6,1,1,1
ba21c6ea-baee-4f52-ab97-ff94c81bd477,1,1,1
624726bf-5c9d-4f8f-81a4-ecae23cdaf2d,1,1,1
29d31183-4605-4b19-abc9-cfe4f2a1d4f5,1,1,1
e585b406-4d46-4c0f-a928-87c1ae8212e1,1,1,1
f2f4d62a-c8e1-4a7e-aec2-088f9c7fd7ec,1,1,1
ad17c6b1-ebc4-4ef3-9019-7fb0d7365006,1,1,1
83c96458-8a75-4d2c-9c8a-1775152f4d09,1,1,1
76048692-61eb-45e7-9b9b-957a5bb05ccf,1,1,1
2b416c1a-91a9-41d5-af04-c93a084d1f3e,1,1,1
80e5061c-73c1-46a5-9c24-2900e0906bb8,1,1,1
af6ffd21-bce1-4965-a8bb-89c3c3c2ca78,1,1,1
d7050c38-fbb4-42be-abb4-0b5e0ca8d702,1,1,1
d9648585-49d6-4642-acfa-51951e4b291b,1,1,0
525a8169-2db0-42a9-92ba-5d6e631699ae,1,1,1
dbd7ea83-fed5-4fcf-b259-8237738301e7,1,1,1
236b76df-870e-4e78-bb04-42351d377eb5,1,1,1
5199a2cc-bcf6-491a-95b0-35a64332510c,1,1,0
04f77fc1-151b-4066-965f-ca9732a78057,1,1,1
10261218-1682-49fb-a754-4cf7d5185638,1,1,1
691b5667-ec61-471f-ac2a-bc57aea58842,1,1,1
403c7b63-1d72-4b79-9b8b-039027b7421e,1,1,1
1623e21a-5ea6-4acd-84bb-9c048cb6eba9,1,1,0
dab4cca1-45f4-4b89-930b-73f095e6142b,1,1,1
a2f821a2-5c30-4705-9c76-dae921c733a0,1,1,0
3b91b562-fd6b-4dbb-b2bd-c642fa91f143,1,1,0
7ae11058-fa1a-4fc1-9ef0-797728d70624,1,1,1
edaa92f4-1477-4e3c-91a2-fbba8a5db4d6,1,1,1
c9507e20-4261-4430-b864-7cc8b398eb91,1,1,0
05fff959-99e1-4840-bb1c-01dcac83657f,1,1,1
9102598b-e93c-44e2-8559-2a22aa6177df,1,1,1
d74e991b-7202-452f-88fa-1590d8bf3444,1,1,1
01e33424-e5ba-4f8e-9e45-a40ba2a62a72,1,1,1
6f06f2a9-0aaa-4ba9-83b8-a6a28eb38e33,1,1,1
9eb00a1a-7578-4c94-80c9-23777d147665,1,1,1
a54e47e6-e74d-4bd7-bd57-8be027e2b231,1,1,1
c2944650-cbc6-4481-8a02-555fbda4da50,1,1,1
cb5fdece-9ebf-4530-b544-a934ee911461,1,1,1
7aa031e5-840f-47df-b1ad-fe2a03248605,1,1,1
52c39cec-1d55-4145-84af-d79daba10ee3,1,1,0
deb10105-31d7-4c6a-b748-0f84d58e2e18,1,1,1
ab1a722c-76ca-4931-b5d9-ded332577fdc,1,1,1
74a30191-5b04-4cb6-9fa9-5953578222b3,1,1,1
634e59ae-866c-41ef-8975-88245cdffe37,1,1,1
de742f56-356e-4e88-a92c-628a6e3c3893,1,1,0
4f211961-d4ad-4bc6-9709-ea44d34116ba,1,1,1
7e4f84ce-3ab1-4a7c-990a-9d83b83f57d7,1,1,1
47f994f9-a47f-40c2-9a4e-47fa81f2d23a,0,1,0
2afab46d-e38b-4a5b-aa3f-804ff7424769,1,1,1
b5ee1983-0c27-4d7d-a946-486bfead5ced,1,1,1
8e455486-b429-4419-9c1a-4a8ed7dfac56,1,1,1
d82f95fa-9b3a-4480-bdbe-c1a6c02181c7,1,1,1
3812f09a-a352-4f62-ab54-ab637ef4bd54,1,1,1
f8bc1d65-3624-4e14-952b-e8c5f09bb083,1,1,1
cb76c886-b9f7-4662-9ebe-5670fccd2513,1,1,0
7fee7d45-0555-492f-ba56-8690174d642a,1,1,1
61c29e0c-87db-4dc2-aae3-b237e2371316,1,1,1
3d9fb590-c45a-4b40-94b7-7af300d3afea,1,1,1
8ac398ff-725b-468a-952a-81d3187bac37,1,1,1
2634f4f6-e1f4-4bc0-bfac-ec74809465a2,1,1,1
6e3ca96c-9db5-4b91-9495-19c9fe37f43b,1,1,1
95ae0aff-79bc-4122-9b44-bdd11820a49d,1,1,1
1cae832c-5613-4bb5-8dc1-05dd3e26d389,1,1,0
53170723-401f-42da-8d89-d45267abcf3f,1,1,0
921f1ac5-1a9a-4418-bb42-6e815b5a54ca,1,1,1
b5ff47ac-9004-4c61-8fff-cd6356eb3467,1,1,1
73cfd515-94c8-4eb4-938d-03e16c08f118,1,1,1
f401108d-64e4-498b-bd9a-4ff5c43919b4,1,1,1
4117c78e-cfc3-429f-ab67-c99d6717d9c9,1,1,1
289ba939-5c37-4ddd-b9c8-4563779dfdc3,1,1,1
38984cbc-7118-4f90-af75-b5cf5a967113,1,1,1
3d305838-41e4-499a-a5bc-a2a94247e0c1,1,1,1
f4e91742-58d6-4a26-9260-dad54e895cd2,1,1,1
104c2807-e7be-4519-b5a7-74cd63aeaebb,1,1,0
0f105e99-04e5-4164-a352-46c133b1dabf,1,1,1
beb483b0-af6a-4382-99aa-92870862d1cb,1,1,1
83cc253a-e2db-4236-b4e7-ac4da6833b71,1,1,1
5e0bbc55-c2cd-4624-965d-b645a3c88ce8,1,1,1
7d8fcd6b-b8b5-46e6-9a89-0603bc31f2be,1,1,1
d6298aaa-306a-4e57-b442-6bd6c38721ca,1,1,0
58a20aaa-5706-4e7f-a4f3-55e8e93cedba,1,1,0
508d040e-f67c-4946-bb96-07675e51fe07,1,1,1
91c57ae7-fd5a-45cd-b102-8e07866ed7d5,1,1,1
ad9bcbf2-9703-474d-a963-8c171db9f48a,1,1,1
b6acca7f-2a49-420b-9dc4-b71db82e3795,1,1,0
cdab141f-c0b7-45d2-9706-d9c62aff8e06,1,1,1
4e2f7747-5341-4bad-9ad3-d4b2d16cce05,1,1,1
594e1ba9-e9db-4be7-9c90-9ab4385cf4ff,1,1,1
e0bc3d6a-14a7-4ee2-80d9-51b689845d9b,1,1,1
f1003e2a-4757-4460-bb97-fc61ece0269b,1,1,1
62ca69f6-834b-4f14-9a54-79783a174ae3,1,1,0
4b89a463-1d56-4c17-b7b6-60e3f2fe9bb1,1,1,1
be34cc63-940f-4a29-a9d4-7cd136f9728d,1,1,1
a1232e60-eeab-4da1-aae2-d10d8d5e345a,1,1,1
a8679a27-ed15-4910-af66-1be0d7b57d30,1,1,0
dcf25082-e50d-414d-a879-89037e6400af,1,1,0
4af9a652-61f0-43d6-b8e4-1fc90d297fed,1,1,1
042e65f6-b5bd-4cbf-807a-de7227f0b830,1,1,1
8bca529a-1f0b-45fc-ac5a-87f94f39b140,0,1,1
c5e5b5be-7f61-4c23-8763-a10ead8f14a9,1,1,1
814e4499-cb1e-48b7-b55b-3ebebcff9c0d,1,1,1
42feecd1-4af5-4aa9-8912-3cead1c130a1,1,1,0
e4e3d5a1-6958-4481-8d40-4a62a068c0e9,1,1,1
80ea0488-4c39-4c20-bc53-0e0ed77d58a9,1,1,1
4b0f0734-6d72-4274-926c-2b2fd4c8aa85,1,1,1
e46fecce-431f-4c65-8d9d-dd08d391ed82,1,1,1
b71d057a-712b-47cf-ac6c-896f1484f393,1,1,1
c2308835-4131-41d4-b146-7d464d74bcdd,1,1,0
c31d02b2-f4ae-45dd-83c9-08bb7c037d8d,1,1,1
0c28857f-db89-4ef5-ae06-ae773befb428,1,1,1
01868895-b149-4623-98e5-c800bd46401b,1,1,1
077b5f4a-83e5-480c-bc48-40b30f46c770,1,1,0
a56600e6-1120-4076-8165-aeb3543a19e7,1,1,0
3f6a4f75-db85-49c7-96e9-4daa99a11ae7,1,1,0
c525613e-a50a-406c-8d93-add25073b1cd,1,1,1
663226e8-3318-474d-b32a-9563bf5affe4,1,1,1
a3eb0d54-00eb-4bb7-8e1a-21309f4ea5d2,1,1,1
bd52aa0b-7a1f-4a1e-9ced-e1f896e92c19,1,1,1
6b80487b-3d5e-4cb1-9dbd-bd06d972f062,1,1,1
00c747f1-9d0f-44df-8ab2-009dcd2c410f,1,1,0
a79027db-ff55-451b-a780-bdedc0c7c919,1,1,1
731362b8-611e-4e41-84c8-fac52e121c52,1,1,1
2c8ee598-e5ea-4d45-bfc1-681f531cead8,1,1,0
5b34d681-5da7-43c5-9694-df9e55277230,1,1,1
0d66e3e2-0059-4927-be30-1c19ff7e04ad,1,1,0
c42a793d-8e78-4e66-b8bf-78a8233c1898,1,1,1
b33aa6ca-97e3-4e5d-b2f5-05a47c941a61,1,1,0
f200f90e-5f9f-4bb0-aad5-77da14375c49,1,1,1
855e993f-7451-4301-a3e8-f5e3b3367cc5,1,1,1
39569bbe-5aab-48d0-bbdf-1e59adbf5377,0,1,0
d04938fd-a635-4a56-b381-c6971343a407,1,1,0
3270ead3-c814-41bd-a583-e76f656a52d1,1,1,1
e3b9fdc6-1bfc-4dd9-8417-267797422f45,1,1,1
9cadcd65-69b9-4a2f-9da2-5101d5366e78,1,1,1
3e815a80-7507-474f-b09e-e7e1876b3e49,1,1,1
1992e480-9a93-4f95-b4a5-9b00c9e6c37c,1,1,1
9b480a39-7e71-4706-925e-f6979853d513,1,1,1
c4ee9abc-b491-47e9-95ec-d3921755d3a1,1,1,1
5299fef1-dbba-4555-8f9b-9236dc7c94f2,1,1,0
11ecd8b8-867d-4348-b66c-e2d13148db4e,1,1,1
6e268aab-6ee9-45d4-a72e-58a8b7de6e0d,1,1,1
b55256e0-9b44-47f1-bd27-8627fdde3cb1,1,1,0
b3b32174-5c69-4418-a25d-585e8080b5a1,1,1,1
9b24a269-c308-42ee-af3f-8e3b44b931cf,1,1,1
c7dba2e0-1622-4375-89bd-6931935e4c68,1,1,1
303c7aa9-0d9c-4150-aa7f-fa4d4b3e9816,1,1,0
95c93668-d477-4886-ae15-7c01e348c8d4,1,1,1
3bfec479-376d-49d3-bc00-d25e0c438c78,1,1,1
b8b278c2-28df-4c10-9ea5-014ab4395b09,1,1,1
86e4b825-3f49-4731-a924-7c8e2ecf9d21,1,1,0
3e5f2576-b328-40e0-946c-0f061136f256,1,1,0
cf4a9de6-ee61-4794-a06d-60b18380f33d,1,1,1
7ae2e453-57ba-4ff3-880a-b7372f518b04,1,1,0
83a9af01-8b99-415d-8566-fe4d328d01b1,1,1,0
9cee7123-5ab8-4690-88c2-c0ee9cc3ea9b,1,1,1
dff8acca-41b1-4d61-b476-603f7fa56dd3,1,1,1
7d79500a-edb5-41c7-9000-670b042a5df1,1,1,1
fdc64e5a-d451-423b-b4aa-16e0c8a14fdc,1,1,1
800647ca-0435-4615-bf5d-5f9d12e6eb5e,1,1,1
3e405863-5fa8-4eb6-896b-f979ce7a9532,1,1,1
075b9f36-6051-483d-9d1e-91e948f66fa9,1,1,1
ab04a1bc-857d-488a-82f8-505570c1063c,1,1,1
a3416a1a-9595-467c-8024-93de679e42b3,1,1,1
5e54e912-ead5-4140-a66e-443237a99786,1,1,1
839848f6-c82e-463a-ae15-57ed4ee92718,1,1,1
b65954af-0055-489c-b9ff-d4baee3d89ca,1,1,1
9b7e83fe-0950-4c30-9edd-95d9e0fe1d19,1,1,1
a11944e6-848a-463b-8929-2d12903165ec,1,1,1
43e64747-e5c5-4f25-bbce-a40778db60ff,1,1,1
3ba27c9d-4047-4ab5-a7c8-3ef73e817b67,1,1,1
4e3f6d47-57c1-45ee-a2ba-5d06bf20889a,1,1,1
ca8d6719-7130-413e-bf58-3887278ccbec,1,1,1
6740818f-d382-4c62-b2bb-ae0499d2b88e,1,1,0
1e6edc98-8638-4688-9e70-adc71b30d24d,1,1,0
c9a140e9-8b90-41b6-90fa-283eb0ce9403,1,1,1
aaf760de-5580-4d29-98e1-0afdf93fb74f,1,1,1
8052ab47-3e4a-42ac-9ecd-e81c1f839acb,1,1,0
88223b44-7cb9-41a4-82ab-5c52a3db8a3b,1,1,1
9a3e3583-7603-453b-b3a1-4c85c3f8f728,1,1,1
af737132-d99d-4e6e-97df-da22e09a6d36,1,1,1
92cda35d-9dc6-4077-ad93-1674bd97dc4a,1,1,0
34f22347-121f-4260-9026-95709a14f1a6,1,1,0
8119a4ec-7e64-4928-9583-a3c75cc6f702,1,1,1
fc5b8dc3-7487-47db-a1cd-06e9c82f467a,1,1,0
c56d20d7-fc9f-4b79-9a71-caf6e42c674b,1,1,0
0f2f4a34-579c-4768-a318-8138188ad8d0,0,1,0
7fff0745-0ad2-4c58-af06-1cd09bd981a4,1,1,1
a350b03d-3122-4d2b-8ca3-c3b57d6a45c2,1,1,1
01766c5a-c872-400f-8fe3-494f2d68f561,1,1,1
ec5feeeb-ad55-4683-b22d-14d4d570adf7,1,1,1
e08e30d9-3b9c-48e4-bb58-5852037ef075,1,1,1
dcb67782-54c4-444c-9231-29114b9eb201,1,1,1
ac512040-a7b0-4894-b35c-db3efdc4e89c,0,1,1
f9379c96-eed1-440c-afe0-038894993906,1,1,1
98f2d3dc-d6e8-49cf-9d57-f979b2d587c5,1,1,1
4da397ca-41aa-417a-aea2-ab2d88235a71,1,1,1
5803c8aa-14f4-4046-9bab-47bb2aeaf59c,1,1,0
1f6b6fa4-db35-4311-9307-7dcd90e67845,1,1,1
4f9025a7-0584-4144-b520-0c4f28c071d2,1,1,1
1177905f-9e7d-462d-bde6-3d0bb1eb83e2,1,1,0
4b7b74d2-f45a-4036-bb4b-c672b4a7133b,1,1,1
0c876dfc-cf69-455d-b7c4-6593fe9f8cb0,1,1,0
925bba2c-cfee-464c-b78a-4f34411badb1,1,1,1
1f2096d5-04dc-4fcf-937d-471de457e3ca,1,1,1
4e3c09cb-76f2-404d-8dd9-e27b1a5c7773,1,1,0
96cd9c89-1e68-4ddd-961c-403b2c3864f7,1,1,1
a0c0d053-e400-4bea-b10e-a46aa5ea2834,1,1,0
fc090715-677d-4b60-8eb1-258f3d2362f9,1,1,0
0b2146be-d0a9-45a5-a8b9-a7c39595e29d,1,1,1
fb029022-d204-43ca-94b2-d626e3b8e173,1,1,1
747709f0-0069-4810-848f-ec8d96efe229,1,1,1
fc1c15e7-438e-4b4d-8be4-fcbcf9b728e5,1,1,0
905948fc-8299-4df3-bf3b-a3d4d92b4f75,1,1,1
89f3e605-c75c-498c-95ce-bb3d166ceb2e,1,1,0
5999d1f4-452d-422d-8210-b856b7d6f08a,1,1,1
24ca5c4e-d77b-41f3-a889-65ca20d51c57,1,1,1
30bedab2-7e34-4b00-b645-f7e5c5098e65,1,1,0
d7875a85-98d1-4605-ac09-366e5a15a48b,1,1,0
c69e7e4c-82dc-4f2c-accf-ee970dbab881,1,1,1
49ad5ba4-7843-4eb3-a414-1f79e18c0467,1,1,1
bfbe7068-641c-4951-a803-ca92091a43fb,1,1,1
323261c1-3306-4457-aa04-3595b968163d,1,1,1
0acfa58c-7393-49aa-bcab-b7dbcdafd0e6,1,1,0
0727acfd-b38f-46c1-bbf3-ded5990e0841,1,1,1
00278182-e289-4e2e-a6dc-9da627eea705,1,1,1
2a96e88c-9d9e-4c74-ba77-038a49c39c02,1,1,1
be65e394-2e51-4e7b-99eb-a00c617b200b,1,1,0
b2f0a942-32af-4bed-b817-3ae822de3c39,1,1,1
e48b4461-dd81-4214-9833-f301a1d7b04b,1,1,1
a513c8a0-acb7-4d4b-8e69-7c5b24d167bd,1,1,1
4e2197aa-55e7-4a75-b824-2184b21adf30,1,1,1
45c10dfc-6317-4f22-b3bc-3fca759fb4b7,1,1,1
88147638-27d3-402f-969e-6f9c219775a2,1,1,1
5fd632fc-4aca-449b-bec2-319ee6a8d177,1,1,0
e358a253-a65d-4733-9e10-536a30c23d33,1,1,1
55471ee2-fa48-446c-acb0-1431953c8026,1,1,1
210deb9d-5f7d-4f35-9706-34f12290d96b,1,1,1
7f3e2d4b-e5b1-4401-9fb8-25b55fd1eda2,1,1,1
39f09590-ae09-4a3d-8583-1de173c0091a,1,1,1
fbf8fd0c-0583-47c5-9c70-3bd1e2800a08,1,1,1
4daf206a-57c5-4f76-a173-a567aa9c60f0,1,1,0
5f064b07-5577-4960-bb68-c944db2d4ddf,1,1,1
6f304e25-1b10-40d6-9970-c2466744cb35,1,1,1
3ec0b87e-af16-40c4-b1c0-ccf59719595f,1,1,1
e3ccc771-eacc-46be-a5df-3d0063e257df,1,1,0
4ab999b9-81a2-45d9-a5e8-9faec262f71f,1,1,1
364bfaa3-ce65-49b5-9aac-effe007c4ef5,1,1,1
90df6977-79fc-4eac-b2fc-6bd5c936ecb9,1,1,0
74302d04-b839-44ce-8cb8-5906dbce0e43,1,1,1
45e4d9d9-965e-4982-abce-4a0ea2b21d5f,1,1,1
6f4fec33-d29f-4a5e-ab10-e89f222bf50a,1,1,1
b1cc88c7-7b38-4c6f-8ac8-47809ec74eff,1,1,1
32d6228a-4830-4477-b668-ea8d18cb7512,1,1,1
f1e398fa-b3cd-4346-ace6-668b06144db2,1,1,1
4b430ec4-de36-40d9-8c4e-7f2bc01b11f7,1,1,0
fddc8dc5-07c1-4e84-8020-abc7e7571226,1,1,1
9d54422d-cb6f-482b-a971-466e8a9c089b,1,1,1
77b59d86-71f3-4834-9a49-f3eebafb6d00,1,1,1
977c6196-9a0e-4c05-9cd4-7f01fb23e065,0,1,1
6ad64b89-9c67-4575-9ac8-8c4d30691b86,1,1,0
1455ac98-e57c-4f61-b4fc-fae42b052159,1,1,1
bdf2131a-b830-4e2e-a79e-28ab7a297c65,1,1,1
095e9a42-615a-40c1-8608-387218ffe685,1,1,1
d69022eb-c2ff-4cf9-b284-2e22638930db,1,1,0
d62c9a16-f2f0-4d3d-9bd0-4b5281f621f1,1,1,0
5bad26ba-2a4a-4b88-881e-f53e1cc8f807,1,1,1
53163e02-2d61-4157-bfbc-76341a5fcf46,1,1,0
1258be6a-3a49-4d6b-af9d-8573a26e17ee,1,1,1
ea78285d-e0aa-4ad7-bef1-2ff3ce65e649,1,1,1
913ac613-2c6a-4fec-8f59-ce8722e9ff26,1,1,1
ba8fabc7-7c6b-4c95-bf1f-30055699582a,1,1,0
563bb8b8-7fe8-4891-a872-d2bf057d03ca,1,1,1
26ff2086-36f1-41f8-9d34-23b7bf646be8,1,1,1
06543940-d74f-4523-8bf5-976d4fc24918,1,1,1
c0393607-0f52-4010-aef4-96a1ad20b699,1,1,1
8202b054-35b0-4a87-beb3-93defc0f1938,1,1,0
4dcc8d1e-edd9-4bcc-968f-16b4870a6767,1,1,0
b0240aed-3ee7-4142-9fae-0a22afc41b17,1,1,1
b030fabc-ecaa-46c5-b87d-9339ab0d44f2,1,1,1
69d723f9-0d7d-4248-8932-ec4d235d70f9,1,1,1
e627b934-32c3-4c8b-a9a6-aee7fd67081f,1,1,1
f160e796-6916-4c36-a802-858994ca8245,1,1,1
09583144-bb17-4f15-a9fd-e456a3d32ec5,1,1,1
f0da8869-209e-47d9-a575-4e194cdecccc,1,1,1
41d97448-e668-41e8-a44e-af1702f3ceec,1,1,1
55acb93e-4f11-46d7-843b-fea6dba428da,1,1,1
6f6678ae-13f5-4e60-955f-6bac2285e5ac,1,1,1
fa6378e6-d960-46c9-85f0-b780c1489a02,1,1,1
93aabf70-ac97-461d-9f4f-b9d149bfb0d3,1,1,1
c0076071-cf41-425c-90bc-12e5e0095c8c,1,1,1
595aacd9-781b-4e19-8f2b-31f54a89f1e1,1,1,0
0d9aaf6a-a882-4c19-beac-4f0dfe77c488,1,1,1
1d04fa60-6db2-4e06-8571-3f4d13e93707,1,1,0
94c35a47-45d1-4e65-ae6d-6536d44acd3f,1,1,1
09713e8b-f6e3-4693-9df2-ab063ffaf0b4,1,1,0
b13a31cb-7731-4a3e-a748-07798d2c2be8,1,1,0
4b5335a8-c0d9-4441-b264-05fe552714c1,1,1,1
e323181f-61a5-4a1a-a2e6-148042b9f5a3,1,1,1
7fbe9936-e6fc-41b6-b438-a6ea916a16cf,1,1,0
9c483dc9-36f0-4375-a6ae-57ce5a039709,1,1,0
55a85362-4527-49c7-97de-54d5e9f7abec,1,1,1
f7949f47-e51d-421f-9060-f8a9387e8266,1,1,1
1bf15b6a-f749-4dce-b90a-90c44a266ff7,1,1,1
ea055437-af28-4d5d-a944-60d2ac900e4d,1,1,1
7b4e1942-6743-4aed-8331-278331711949,1,1,0
912a7007-d057-41b0-996a-9b5ddd677289,1,1,0
49fdf684-42d4-4ad9-97ff-a758bdcc33d6,1,1,1
2a9b61e6-7f2f-4fef-acbf-a0675aa5061c,1,1,1
3004d443-6f07-4645-8273-79d747b56161,1,1,1
86b2b456-a604-4804-9df0-2ce3f693a32f,0,1,0
247c73ad-575a-40db-b54c-481e8a33d6fe,1,1,1
07191195-3614-4615-ad42-749421623ce8,1,1,0
b2a54089-256a-4a98-a836-8a9191d34c6c,1,1,1
4c158712-83ac-459c-abcb-7a46226ae467,1,1,1
a76af0cf-1fab-40ff-84dc-c13852aa2ef0,1,1,1
f74604be-33e1-4352-ad11-deab51d48686,1,1,1
837bac23-05c3-4d09-a46c-28f3b74de915,1,1,1
15b873e2-e5ba-476b-8f50-bd5ae549663e,1,1,0
c362cbdb-5298-4594-82ab-a04d0eeda2c7,1,1,0
233cbb57-65b6-4d7f-96a8-173c88117b02,1,1,1
b37d799b-4cdb-4c68-8176-04eab64da3ec,1,1,1
dc2248c7-1d33-4881-ae80-1717ecaedf0e,1,1,1
4001e8b1-32b3-42a7-b932-ea64af582d11,1,1,1
d7b74a3a-88ef-4a91-b9bc-6b3927b9f484,1,1,1
d9643791-3691-40b0-b003-4a8197e00eec,1,1,0
e8eae026-2cbc-4236-afd3-b58cba940114,1,1,0
702aaeba-943f-4c42-9b84-853e0cab266b,1,1,1
238db729-6d35-4b9c-bc80-ffdfbe2d31fe,1,1,0
6a7a3747-0e5e-47ce-b9b8-5a64783ac4eb,1,1,0
71747277-d5d9-4841-8b4c-49c63022e325,1,1,1
27e70159-e0a9-46d5-990b-0dea7f277e78,1,1,0
5342ba40-124e-4974-87e0-5d33f7da811e,1,1,1
6501fc31-ecbd-497f-90a8-712eb106e077,1,1,0
8210112f-60cf-438c-8cf4-47a6167efbd7,1,1,1
b89dd1d5-a862-4fdf-a1d1-bc5f1ac15799,1,1,1
d74a2f0f-2128-4dee-8d8e-d88cfb166ddd,1,1,0
6b323a8d-fa7f-44dd-bb01-141555a1b923,1,1,1
e51535cb-5ebf-41ff-811f-b55969e92de5,1,1,1
8db8ecde-4da2-4d0f-aecd-e14b33ddd80f,1,1,1
11ba3b1a-2526-4a05-b637-06a2eeddfad3,1,1,1
ae7712bf-f869-463f-90a4-84003489a4ab,1,1,1
ebed22cf-1459-4041-a65f-e8c5a2feb6fe,1,1,0
a7561e1a-1477-4eb0-8964-15f1e447f9a3,1,1,1
6795264d-d49e-429c-87b0-45ca39bfef26,1,1,0
db824930-24d5-4ae5-ab99-d60821277945,1,1,1
1cd4c2c2-8111-4395-a707-2cf89555f5a0,1,1,1
c62d7496-8c7e-44fc-afad-6b19bbaf5724,1,1,1
e24fe2ab-4f99-49c3-b354-adfc4abc9d34,1,1,1
488d1a74-5c73-4faa-8005-4a9df5c7463a,1,1,1
b6796650-a8dc-473c-9f24-c0af34d54535,1,1,1
a6b2642c-a345-413c-983f-7d9b825af41d,1,1,1
5f9f3256-03f6-4770-ac44-83d810d8831e,1,1,1
c5523f09-d1cb-4baf-8c9c-8a71652880c2,1,1,1
b1a982b4-30d7-4740-af73-3299c59e75d9,1,1,1
0bc3ed16-6294-46ff-8b45-4b6a47b38773,1,1,1
fc839000-9f55-4679-84a1-2843d310d2a7,1,1,1
530b8bfa-762c-4131-b494-207400367a19,1,1,1
f2d39af6-7544-4f67-80ec-448c981cf02d,1,1,1
29e603da-b25d-4ac2-9d5b-11ea6b3877fa,1,1,0
81ab90c9-3e3a-4e36-9a43-dcc7665ceba2,1,1,1
5ddccb45-94b9-4d05-9522-0c42683295a0,1,1,1
112314fe-d16f-4d2d-9894-bd2c30c2d67b,1,1,1
2165127e-6cd0-46ed-b4fd-75e19171d68f,1,1,1
0b714717-cbf7-4fca-8252-04baebadadf8,1,1,1
1a6531b4-ca92-426f-ae89-7518a0064f30,0,1,1
e1cc038c-744b-4b2c-96d7-1d07ffb81fe5,1,1,1
d3c8631d-b6d8-44f6-909f-e8df7916bf56,1,1,1
89c4d6d0-6c01-4253-9ef4-2fb1fb13774d,1,1,1
287c2e0f-cda8-4ae0-a74d-b515230e414a,1,1,0
2870ce3b-136f-4024-8187-68cb28b59404,1,1,1
4bc39576-d181-495b-a982-f6ceca3218bb,1,1,1
c13c6c19-6c60-492c-8cdb-3f23647a53c4,1,1,1
d785fbe4-3ee2-43c4-babb-89524e415ea2,1,1,1
58586b35-0ce5-45e5-8834-9a30b4ca6782,1,1,1
15c53064-3170-4938-9685-7bcc80e7d6e0,1,1,1
38aa3460-8344-452e-a044-a68a7f754c57,1,1,0
267d20e7-d88b-41cd-b682-de4d9eef08fb,1,1,1
6dbf6773-8e60-4b0f-bfab-a39a2347e6cb,1,1,1
099a7364-56a7-4997-a1d5-bdffd0343408,1,1,1
8571b1bd-e876-4feb-bca3-089f0b2f569f,1,1,1
fbcdc5dc-2a77-454b-8641-a9f4362a6eab,1,1,0
7daf703f-f7bd-4a14-881b-aae87c45b199,1,1,1
e424a42a-6c0a-462e-85c0-b414a04fb7a0,1,1,0
b1c2576b-8e06-4c1e-8a62-2721b2db81bb,1,1,0
aa7c5c12-40e5-4c35-8f97-5560509f96d2,1,1,0
252a86fa-119d-41d4-8ddc-6e62890ef3d2,1,1,0
cfc9c7f8-0afd-4680-845c-50f65349ae30,1,1,1
d541cca7-02a8-428b-a42a-77b59ac896d5,1,1,1
8a207e55-0512-4470-a267-1e655a889462,1,1,1
d291f948-2e8e-4b73-a11e-f61cb2e6d609,1,1,0
25a9eaa5-7cf6-4ab3-b6ee-bf7c005b08d1,1,1,1
5b38ab64-0159-4ec2-8be9-d6b85d8b4fc0,1,1,0
a514566f-a83b-4407-937d-68b23d612f40,1,1,0
8b8da5a6-587f-492e-811c-d2ff93df1a6b,1,1,1
4385b5cf-05e0-4245-b79c-353136b9af1e,1,1,1
d86d36e3-aefb-46b0-8473-32c4b1893c6b,1,1,1
509147f0-efae-4a17-8144-bd96e28ce01a,1,1,1
fc7a344b-2570-4ea7-adfd-5a94ac2c4104,1,1,1
c3ee9590-67e8-493b-8eb6-699e7e2072c2,1,1,1
355f2563-0d49-4779-850c-da36d4295555,1,1,1
0778e3ff-da54-43b0-a08e-86bd9f0a0542,1,1,0
9403ed7d-529e-4d34-b6a4-e4b89605ba95,1,1,1
f98b3400-5684-4c4a-adda-f8f82e56d23c,1,1,1
742396d8-dfe7-4a63-a30e-0f19aedd746f,1,1,1
d48bdda6-62b3-4fd4-8569-133c61c887ba,1,1,1
ec7e7610-9f78-4aa0-b4f4-c33865e3acf0,1,1,1
c514be12-96a1-46b6-bc91-48db7c2dd9aa,1,1,1
af0e530b-6513-4eaf-8e28-23fa4a5113c0,1,1,1
4795f6ad-6da9-4ab6-b5f7-53735fc653eb,1,1,1
44944556-48e9-41de-a364-50a60051e158,1,1,1
eb56b9e7-0ed0-46ff-a793-fc7bd666b2bc,1,1,1
d36be378-0c7f-44b3-888e-8796727102ac,1,1,1
e19f19be-f728-4334-aa23-ebd397fcb296,1,1,1
62e65567-c8b7-405e-93d0-2fd6e6b2bde5,1,1,1
d9af9d20-3c68-4ba3-9c56-1db2633e9b92,1,1,0
63c6ee23-7d07-4a0f-b797-3e1bec5fc554,1,1,0
052831d6-f807-45d8-b5f2-119dd5f31001,1,1,0
99449bcd-b114-4b8e-98eb-337bf3cdb610,1,1,1
84a5e1d1-db72-4678-882f-d1187befa81c,1,1,1
5c39bf29-c23e-41da-9dc5-aac44bf531f3,1,1,1
04115cc9-2f90-4729-8da4-c5cdd700e75b,1,1,0
55aa6b09-db85-4277-81e2-49887233412b,1,1,1
bb1f2b83-fa1d-423c-b13d-d2f6a6832379,1,1,1
deea83ed-3dc3-40ce-8ca6-0acb2c6e6290,1,1,0
5baaadfd-ed00-4c8a-9308-2b8f8578433e,0,0,1
940eb6bd-6e12-4ad0-b3a7-38f70f97a794,1,1,0
6128d222-4b2e-46b1-87dc-985766f37775,1,1,1
f7c2bc52-feba-4427-b3a2-3df4831c1408,1,1,1
3a3595b0-414e-4b8a-bc22-62af90ff5a79,1,1,1
865dfa98-25ff-4513-9d5c-479c02745bc5,1,1,1
396ea40e-a557-4b18-ac52-c3f58c2d8e83,1,1,0
df7e7678-8843-4e97-873f-54a04833bd6c,1,1,1
de33dcd0-1ed5-4d2f-8f71-36f09da7869f,1,1,1
713c006b-640d-4ba3-807f-b4fa7fb7beba,1,1,1
412c102e-5282-4c9d-9d58-c63e0757e4d3,1,1,0
0d4502bb-f713-446a-b7f4-982b9fd6e83a,1,1,0
712d42d5-cc66-4977-a55f-c6ae5b1b40c8,1,1,0
db6f47e0-5fed-4abe-8bb6-0dacab08738a,1,1,1
fd83621c-000f-4f07-97c9-f768c0a424c7,1,1,1
2838892c-debf-42dd-8e43-b537b3c6c85a,1,1,1
7e44e15e-5fb8-4c38-9eb3-a5004a54ec96,1,1,1
15f9ab48-478a-4884-b172-1ff79c02d81d,1,1,1
dcb27bff-fa11-4531-b94d-c32d266091f7,1,1,1
7eeb0854-fa9b-4318-b47f-aaa8d903233c,1,1,1
b2f8b980-2cfc-423a-865a-84dfb7722e26,1,1,0
9af2e2db-419a-4a85-a30b-05ed49e4b6be,1,1,1
e137708d-97a2-45f7-bfd7-b0ded47e997f,1,1,1
7ff10fb7-035a-46a5-91df-9fcae3464456,1,1,1
6f71c37b-d234-4211-8d4f-109350739125,1,0,1
f8631e5f-ea6d-49cd-bf94-dd38c245d9ea,1,1,1
ed9f9f82-36b7-4b4d-9710-289a6e99c008,1,1,1
d433cf6f-4b2c-442a-be70-56370bb376d8,1,1,1
8496936b-d904-4a02-8218-a2f47ae57738,1,1,1
10b08bf8-2237-44d3-a9ab-b493057314aa,1,1,1
89b7fe0b-6519-4ddb-9f83-97e9bac9fbfc,1,1,1
9d0ceb85-c023-42e5-895e-3978d914139f,0,1,1
c5d1a907-fd89-4662-95f6-fee524323254,1,1,1
b2ca4b4b-b80c-47d6-9e33-2fa08611dcd5,1,1,1
9b9f244c-fd90-48a6-a0aa-46e2fa46108a,1,1,1
31acc5cd-11c6-4840-89d0-7413b53d240f,1,1,1
7fda1eb9-cf5c-402f-b148-4dac9b6e58f6,1,1,0
35a145d6-aad5-4053-b474-7a72fc32a861,1,1,0
318fbb62-68b2-4fc0-8d2b-e6ab95b6cce8,1,1,1
efbd3217-1939-4a81-8ea2-4dc4f81c8bdb,1,1,1
c62559d1-9161-453e-a9ba-6db64a09304b,1,1,0
cc1828e8-8513-4a0f-b1f6-54d0db3b2e33,1,1,1
e6fd41e0-94f1-428b-82c0-484440659628,1,1,1
9a659b7d-1928-435e-b969-db77dafca55d,1,1,0
d7706c5a-37ce-4844-b504-d15b6718da24,1,1,1
cde570aa-827c-4b7f-8e34-f56bbd588313,1,1,1
b3ebf976-c31a-402c-8fbd-f42a04d80786,1,1,0
593ca35a-7ac2-47d8-bc48-1feb918b2ebb,1,1,1
a9412e11-b33a-4aa5-ac79-3c318cd0f022,1,1,0
e6557373-1c51-42fa-9dc3-fae57677d153,0,1,0
852ab983-3626-41c3-aec9-8f089041f0ea,1,1,1
0b323c87-8fdf-49bb-bd7d-2f8845944d9a,1,1,1
5ef308c2-42ab-426a-8177-21a07e101c39,1,1,1
5494da9f-8363-4525-b030-5ef6c0d7192b,1,1,1
05ccc69c-4192-408b-8b62-008b9ffab3ae,1,1,1
69d65b5e-004e-4aa9-8829-9e2f4a811cc3,1,1,1
69cde88e-9247-4ed1-b170-ff49d1bb1d99,1,1,1
b3391ce3-e329-4a04-9683-8783b63363c6,1,1,1
1fe65ebb-1ee7-4b45-b31a-87202c0ccd53,0,1,0
65d17d1d-3362-449a-98cf-955f3eb7864c,1,1,0
f227d8b7-c2c5-4f3e-8eff-3345c126b206,1,1,1
1674c641-edb6-476a-8b41-9260c6bd3880,1,1,0
2248dd35-8353-4e8e-b3b5-c8aa6eae9836,1,1,0
04c3c0e4-8d0e-4d11-80f3-31287d3795ac,1,1,1
06abd357-7d1b-4a97-93de-7c2d34e91335,1,1,1
1d52df2c-65b3-4cf3-8202-9eae06219b33,1,1,1
dc2a221f-9063-42d6-9659-a40fddf140f7,1,1,0
d6d8c0de-a980-419c-a875-135b2e45c866,1,1,1
7ac57250-387b-4b99-8c20-eaeb49ac2ed4,1,1,0
1bc4e4a4-380e-4bb5-a7d9-e3e8c6ee2b46,1,1,0
ae3ed868-eb05-418d-8100-ed0e04fe25c7,0,1,0
f5b4b549-7ef3-4ebc-8b73-4303e71a0627,1,1,1
5f139770-ad90-457a-ad5e-1ce602e99be0,1,1,1
d793dd73-0563-4597-8ff3-6d8b5fdfe3a1,1,1,1
ef25c453-8ca9-4fd5-acb9-a9b29061c65c,1,1,1
0d24a874-256e-4b6a-8fa2-389b3e46de8a,1,1,0
734abb69-e7fb-48ef-8d73-68b1dc091a90,1,1,0
e72bed90-4025-466f-a0b8-21cf1e7c2ad1,1,1,1
ee41eeb0-2441-4265-81ca-409bb8b8f5ee,1,1,1
2cf69f94-8d16-4bb3-887c-649ebcaf10ae,1,1,1
9b550aac-28f5-4c54-aafb-934746be0f62,1,1,1
42be87f9-018d-4f92-b302-a29883b6748b,1,1,1
bb87296a-19af-4106-86f1-3803920d98e4,1,1,1
458e8c8c-ac3a-4a76-977c-62f803ed1361,1,1,1
89ab7599-d71b-49aa-8890-4242cb0c46a5,1,1,1
62408dd3-0181-40fe-aaad-8609ba9f9398,1,1,1
2e09365e-cc92-4e1d-89cc-a6ef7f0652d8,1,1,1
1dfce9e7-462d-4c76-9afc-24dc1d541af3,1,1,1
eed9b6d4-bd49-4089-917c-c46e34fc9c22,1,1,1
addcf9bf-6124-4227-a3fc-6ec204141ae4,1,1,0
b3ae8e8e-bd5f-4230-8662-5b327c9b0c15,1,1,1
4b31bbe4-1bb4-4285-9b43-88d1a79be774,1,1,1
00b26973-33f9-499f-a40b-5262e88186cd,1,1,1
d5f3c02a-9064-49e3-aa4a-a76cec67f458,1,1,1
3e030511-6ac1-439e-9e52-5f7021cc1b48,1,1,1
70da423f-384a-4ff5-a146-1d71cc7c59a1,1,1,1
105537df-fe8e-4338-b598-6fd77d54e41c,1,1,1
b5ea2b76-9546-42cc-aeab-be97f53134ff,1,1,1
27ab2a9d-e6c4-4fb9-92b0-70d1728836d5,1,1,1
b55635fc-f2cb-4e96-8069-698170abbd73,1,1,0
fa626d08-baa7-4700-9ed7-9e06790dd60d,1,1,0
66d2a6a4-f1f4-40cc-a6ce-93cb9314f060,1,1,1
8a02132f-6f32-4056-b277-6cdc486fe7cc,1,1,1
2390da6f-9a98-497d-aa15-47ef6faaae6c,1,1,1
2a6121d5-c6a5-4d98-bb83-40bf3151352a,1,1,1
ce318c77-5b5d-49ec-97b8-b1144e54ae71,1,1,1
7e678a7d-7ef4-4ef6-bcb3-b4398288431d,1,1,1
39ec16ad-e46f-498a-b906-e0d51777b2ce,1,1,0
a82e3ce6-bdb0-4530-a600-df74716e0eec,1,1,0
71f58882-7eef-431f-943f-3f486ab0906e,1,1,0
52081387-4db6-4a53-bef3-c786ca9d9a91,1,1,1
7ef7ed5d-0acd-4aeb-9493-170b412ae86f,1,1,0
310519ee-2138-44d4-a290-8071a41d85d6,1,1,0
eca5c66e-d429-4a91-a288-3bfd9d75dddf,1,1,1
936af242-28dc-48a3-8b8d-acaa340a7878,1,1,1
90c113e1-44d3-4e38-8bcc-710557b45843,1,1,1
33aaffba-a8fc-464a-8731-889874a542eb,1,1,0
ff23ee86-afda-43e7-960b-995d1b739b7a,1,1,1
02510a1b-64f3-4c53-864e-0a623055d18c,1,1,0
6e8a65e3-307a-45a8-9e82-0566d07ce41c,1,1,1
e49f6217-81fa-4aef-bcd1-aedc7c342da5,1,1,1
2ac0ba2f-8b67-4f1c-bcd5-82e438d8901b,1,1,1
f090a62b-f615-418c-a210-391f596e535f,1,1,1
5ba81963-31ef-468a-8af1-93f5fdb8cc9e,1,1,1
a6a17ca3-00c2-4aa1-857c-350220fbf75b,1,1,0
2d52073e-7e86-4b3a-8986-e27a42414fce,1,1,1
39c09b1d-f5d2-408f-933f-0bc149dac943,1,1,1
21d93175-b85f-4d2f-a3f8-12fadf14ad34,1,1,1
5b98d56d-6ffa-4e84-8976-22711408e44b,1,1,0
63d35a29-af67-4ccc-ada5-46d2d38046ad,1,1,1
bb1010cb-bdf6-4b29-a0c4-71cee5a15e63,1,1,1
cc54919f-3119-46af-bfaa-acfe205601e0,1,1,1
a0051084-bc85-4487-a545-03c62b26dffd,1,1,1
5d7521e1-8178-48c4-b869-fed550be11ea,1,1,1
a61994b1-57c1-4571-a864-c20315e60a0d,1,1,1
f505aedc-370d-427a-92d2-5b4bbbad2c65,1,1,0
9f076e22-458b-49fb-8fac-0d53580f8fe7,1,1,1
fe795de4-0119-4cd1-95e8-69f32597f954,1,1,1
1c254b5a-cbb1-4ab8-b148-10b625298d59,1,1,1
b7bc791b-a3a9-499f-9c16-9417e01bed9c,1,1,0
2213e204-d4d5-4269-ab4a-74d0a6a1bad0,1,1,1
cf59e5d1-9a1e-467d-bdbb-2bd3d9c00172,1,1,1
712b3f73-51a0-49ff-9138-607002647fc7,1,1,0
b68aabc4-aba5-4a4d-9423-5b5ddad9d024,1,1,1
72966e2f-c3b3-46d5-b27c-cae191f2f43a,1,1,1
564e7a37-971b-4409-8af5-690bf32900ef,1,1,1
8f01ab7b-7616-4f09-9176-788ad40b16ef,1,1,0
2881e517-79e8-4e2f-b724-33eff1544b6f,1,1,0
a65749ed-3926-4df4-b799-09bb64056524,1,1,0
35ece09f-4c2f-4a40-82e4-8bb11c40bf99,1,1,1
bef54d41-46df-4130-af1c-db9d123c986a,1,1,1
d596943e-e8f4-40b8-8066-22f6a63c7673,1,1,1
2e4837c3-e571-4a82-b7ae-14678a702dfd,1,1,1
2f354115-df3a-4492-b880-1b8dcbdd1495,1,1,1
1125573d-5364-4faa-82cf-0bfb9910273e,1,1,1
1a5e5948-4575-431c-8d37-1d8926aabf68,1,1,1
8b74d3f0-4a12-4129-b813-bb14bc6160b5,1,1,1
dabbc8fc-e4ac-46e6-bb9f-d56547ab7b8b,1,1,1
59186e6c-2b28-45cb-b4fd-10e4ebdba3f5,1,1,1
16651b7e-66b1-4a97-82a3-75a388ad5631,1,1,1
3cbace27-51a0-4cae-b5aa-261aab686542,1,1,1
9b978dd9-7a13-4ee1-a902-070db2107b5b,1,1,1
3615872f-1797-45c7-999c-cdbf10b6b22f,1,1,1
f3bfad55-aff2-486f-9f31-aaa24f9935fc,1,1,1
aaa12aaa-b7f4-42f8-a11d-e5f0b02bd01c,1,1,1
a3c6ebc7-6ed1-404a-9a56-6ba1db02f504,1,1,0
4835e00d-57e5-4388-a7c0-df082256a234,1,1,1
a23a4d5b-8647-4ea5-8c97-47a93cb550ea,1,1,1
f64de2ba-c45b-4d38-91e3-a8446afa70ac,1,1,0
de7aba4f-410d-4066-a06f-74f66c7f9e44,1,1,1
fa8e7a5b-62bb-48c6-b119-60b491038dc8,1,1,1
01b1019b-08fd-47a3-942b-0aaeede35418,1,1,0
1e591b62-2860-497f-b8fb-c8edf0664665,1,1,1
121bf67f-87c8-437b-97d7-69eb0581fc95,1,1,1
90579100-f1ba-4b1e-948a-14c25de728e9,1,1,1
0928fa2d-fe7b-4705-901e-49634ec6158c,1,1,0
a90aa937-2a52-4129-bdaa-6e3801406522,1,1,1
4bee5114-06bc-45d9-8754-012fbe44dc51,1,1,1
822775e3-8c95-40a0-85d3-851ac0b6d1b3,1,1,0
8d8f5794-0d8a-4286-8de2-470a5b32aaf5,1,1,0
ae9bff84-df6f-4c86-8fd4-c7ec29905ee0,1,1,0
e00a2b21-5843-4ea5-9915-d65a615d9e08,1,1,1
5c82329c-1e78-44c3-9e2e-22f0291dbc79,1,1,0
b636aa58-cc80-4452-86ab-9f2c49809cfe,1,1,1
6ada45f2-67d2-4ec8-8f09-2ac4eb1621b5,1,1,1
15946322-89ce-4771-b56b-12b8e39c0039,1,1,0
2d1caceb-d54f-4655-ad6b-b0dab50415f0,1,1,1
765652cc-0a9b-4a3d-b0ee-743080c9671b,1,1,0
7647a992-0756-4fb7-8b8e-d9a1f77664d8,1,1,1
794ddca5-4c67-400d-985b-b2050c27cb4d,1,1,1
6babdc67-3e8e-491c-8dea-f0e01be0246c,1,1,1
7f529896-210d-4266-bd3e-7f2f3adb68a1,1,1,1
561839bd-5611-43ed-bdec-617a6207cd75,1,1,0
bded079b-497f-44a3-bbdd-31941925922b,1,1,1
d4165631-e382-4d80-b919-f4d2c5a76b78,1,1,0
4945417f-5a6f-4d72-af81-971e45d9a0ea,1,1,0
bd1e6f2e-bebc-4fb1-b795-36f111660a55,1,1,1
32e34953-6a73-44a7-99de-cc340af39fee,1,1,1
dc79925c-8188-4fb2-b956-15a39ded9b80,1,1,0
597fd4fb-13bd-4af7-8851-fa30edc00dd9,1,1,0
d99808fd-a45c-4d26-9976-4db79ef13774,1,1,0
ade897ad-13c4-4607-9293-56015ddc9202,1,1,1
740bee18-a5c9-4e19-8d33-057adb0cb689,1,1,1
d935ef99-e9ca-4bdf-a00f-eccd07552795,1,1,1
38258990-99ad-41f7-a5ff-d2c18a50a36b,1,1,1
2b8a89f0-5267-4422-ad38-fd1537fea6a4,1,1,0
ec6e1142-3e51-493e-853d-7424cd381137,1,1,1
04c5390e-5b4f-43d0-bd62-f3964adf3888,1,1,1
d6475fc1-5e8a-4ce6-9b23-6b27b232ff2f,1,1,0
2189d599-2fca-4e9e-8fd8-b2447b9ef1b2,1,1,1
31f2f62c-f1c5-4eff-a994-36e32907c942,1,1,1
461c46ee-54eb-4824-bd58-c740279635b7,1,1,1
0c522e7f-6379-4c2b-b357-fac2f81c834f,1,1,1
289b29fa-92f8-47fc-a641-f99979d73a04,1,1,1
6b571fc3-4501-4b83-a9b9-e29d10228c6b,1,1,1
0a10e38a-cbc3-475d-93e0-45b2f9068f1e,1,1,0
7dd8c5f3-179b-4e3c-93e1-1f017af6612e,1,1,0
6ba84d5e-018c-4e8f-8600-0cd692dc28a7,1,1,1
2e2a1ff9-541a-48d9-9a04-97636323497b,1,1,1
235e98bd-b700-41f8-9107-7f77133546c0,1,1,0
efbcd305-ff1a-4e3e-8b11-a1184107a2d4,1,1,1
1af80b70-9053-43f5-b73d-b852058fae8b,1,1,1
6e02c9a9-87b3-47f8-a08c-a66d30fefe64,1,1,1
5aaa298e-50f1-47d9-8752-b86e63a79330,1,1,1
0b114542-7c27-46d3-a254-d8e8b09d8b89,1,1,0
14189a25-74d6-463c-baa0-818dd0beb351,1,1,1
1d6ecac9-3f45-4254-8d9c-cd6c582ebe1e,1,1,0
366bc49f-82a9-4335-b415-fafc4c27aa3e,1,1,0
63207f55-8824-4fe6-af47-5c68405c7efe,1,1,1
d89ca757-dfe6-4ad8-991c-b0639073baba,1,1,1
7bdfe6b7-746d-4a3b-9b70-91304e84ac5c,1,1,1
201a9343-3a32-42d6-829e-d216549e94bc,1,1,1
9fe4b452-e83f-4ef1-95c1-e546e85269f9,1,1,1
6a50b82f-e65f-4585-8a87-895a5da17f08,1,1,1
2fed4323-9271-4d6e-b17e-b311806b4ffe,1,1,1
49380a2a-eec0-4456-9a02-0db9a265d1cb,1,1,0
45b852f9-be37-4526-8d4e-82171911a074,1,1,1
4de9497a-e824-4b82-a213-f89493909172,1,1,1
6157e280-a978-4c52-b58f-276487b96c0d,1,1,1
c21fd75a-a2bb-44c7-95f2-0f42fd9f0084,1,1,1
951ed9be-edb8-45a0-8e2a-9bd42faa8251,1,1,1
07779ccd-b56c-4d51-a150-c644e980b9b1,1,1,1
c53acd9b-c854-45f3-acde-686a1b9eb369,1,1,0
16210bb3-852a-4e72-b048-4e24df1a1681,1,1,1
3cf3da61-4053-466d-9b8f-94b9dd9d3b26,1,1,1
c83dabbd-387e-419d-ab90-400e44cbf586,1,1,1
5e7992dc-faca-499b-9093-26a6ca3be133,1,1,1
5d6bd829-b3a6-4e32-af91-166ff0a409aa,1,1,1
356aff39-eb27-4416-b296-736d120f1fa3,1,1,1
3545f1a7-d155-4789-9536-763622f3a881,1,1,0
8bcd9368-5de3-4bf0-987a-04f97d422404,1,1,1
f2b49417-5c77-4c46-aef7-316c308b9dc2,1,1,1
9176e98a-3d9b-4d89-8213-afef17eb04ef,1,1,1
8c2b8f41-0da1-4e2d-8baf-4de5d02e3e98,1,1,0
0b29cd55-1abe-493c-90f9-67845f066e77,1,1,1
bfcc95f8-bfcf-44fb-9e05-b660ed2cd2c3,1,1,0
408bd6ac-a894-4fcb-ba7d-405bfe983a51,1,1,1
a96f0bff-83a1-432e-9a01-0efc0afef5ee,1,1,1
a8d8dbb0-4f6d-4ec3-8f41-6f7cf37d0862,1,1,1
865cce23-9df2-4986-b81d-a6b735e8567b,1,1,1
50b596a4-3a77-4240-8295-237e96686148,1,1,1
00fa3d04-d302-4449-be9f-3cdc84aa1673,1,1,1
f35e2d3c-1278-47a2-b7e1-d2f80ecd2796,1,1,1
43e08b35-a78c-4157-b6cc-abf64be86891,1,1,0
1fbf2ed2-30d1-443f-a06b-2ae001aca98f,1,1,1
e088d530-ef7e-401b-b532-ecd94d1878c2,1,1,0
71318c32-0317-497e-9b94-87fe31e0f191,1,1,1
8d094b45-2842-4572-ad8d-ef17dc376e0c,1,1,1
e711a5df-a8d6-44d6-b785-8d479c89d5bd,1,1,1
0b5d77e5-c994-42c2-940b-7f1ee14e98c6,1,1,1
f9b07343-a5d3-4b78-816d-869cb0bee473,1,1,1
37cb0758-325a-42a7-a776-7046c6cfecf9,1,1,1
117e0868-beb0-45aa-bdf5-905cbc88682e,1,1,1
64023bc6-f243-4a8f-a5c8-f1079686773c,1,1,1
4f78b0f1-b562-4438-afea-12d7a3fadf15,1,1,1
af697761-1c16-4ed5-a035-ebd05494fe42,1,1,1
511450b8-bb9b-4127-bd84-4219fef56278,1,1,0
99f0a15f-d67e-4d15-9964-55b2b1e3df01,1,1,1
57724eb4-6291-4b23-b531-8441594d43c3,1,1,1
a8c46713-fc13-44df-93e5-8cfbd8393757,1,1,1
0257844b-91cd-45de-b6ef-4e95b72279c5,1,1,1
49b6cd7a-1cfa-473e-8537-f91fc3645a72,1,1,1
194554ad-c325-4942-b59c-bacc998522b8,1,1,1
fdf29bd9-36c5-4558-a1f0-329d61d48384,1,1,1
b1a27a52-ac8f-414a-997e-ee8ce7f924d4,1,1,1
aab604c5-6318-423e-af6e-90141003fcc4,1,1,1
35cfd726-cbbe-4eea-b9e0-7caec083bb7b,1,1,0
cc098065-d99f-464c-9c88-057748d1d66f,1,1,1
26b92721-a141-41e3-9831-f1af65150114,1,1,1
51715d74-a71c-4f7a-87c4-452f136ddbc6,1,1,1
80f64ded-58d0-4e61-9e04-39de63a13d09,1,1,1
c043287e-88a7-4fc9-9504-b659069e0bbb,1,1,1
7a4807b9-0fe9-439b-9892-a08a293b9e30,1,1,1
e5bcecc0-2b05-4b74-9aa3-f29637fb1d47,1,1,0
3f0af28a-4057-41b5-938e-a4ba528309a3,1,1,1
bf5ed50a-197e-447c-acf8-251eaa3be695,1,1,1
20e9c028-fc51-461b-9b08-13dd8395d11f,1,1,0
da8d437e-a9de-4d98-8ff1-4647e551415f,1,1,1
87ab8e82-e323-4751-909d-2a8b691a7846,1,1,1
865c3136-2e50-4321-99a9-71aaf8c586ed,1,1,1
a7e4d552-17d0-44b5-a2ed-93b3b7be6c2d,1,1,1
4f132f56-e24a-4522-9045-fead436f08b2,1,1,0
d98600b7-4506-40f9-8949-84a3523b43e9,1,1,1
7c8c80a6-542c-43af-b92d-eb63a5410bcb,1,1,1
f1781d5f-05ea-4f34-9b32-24a9d8e70e03,1,1,1
3f75dc53-63a0-45d1-a1e9-96c3550cc6c2,1,1,0
55d289ab-0819-497f-9358-e49157c7e7d8,1,1,1
2cf1e8d9-12cc-4276-b8a2-a03d8e6b7767,1,1,0
20a4b271-7135-49ce-9244-773750d19301,1,1,1
11b38ee7-cf21-494c-9674-9af44ae82af6,1,1,0
acc023b9-c1b9-42a4-aa30-eeee0a0b2b35,1,1,1
ef8b9536-3563-4c0b-919e-9b487d94c7e0,1,1,0
ed7c90be-947c-4123-a9f1-4c98f9a3aa7d,1,1,1
55acf571-0457-4b97-86f8-9fb462a95870,1,1,1
c4f1250e-abc7-4f44-a9f3-8190149fc27d,1,1,1
800774e5-6f42-42eb-83b6-41aadd3f756b,1,1,1
25e0778f-f8a4-490c-85b9-8d6801f012af,1,1,1
e145c946-e17f-4ef5-87b2-736e2a44a9c4,0,1,0
d636d9fb-7b95-4843-ab78-477afdb8103e,1,1,0
ebdaa005-1ba6-412b-8f37-3a96a9ca50ef,1,1,1
3dc53b69-33cf-480c-8214-707ed9f81c4b,1,1,0
91d94999-dba3-4b4c-8bb9-eb1c043a9189,1,1,0
98869232-d688-4752-8b99-5c14339c3fda,1,1,1
182ad962-d613-47d7-a355-568fc2da2b41,1,1,1
5e1b11ed-4d50-481a-be97-fdd8c8e0a4d9,1,1,0
0fd062c9-cf61-4a50-9d53-73c2702406aa,1,1,1
6833cb4b-0c1e-48d3-a1ee-98733f7d9f2c,1,1,1
d2f36fb9-f1fa-4f3a-af7f-03d453c48b76,1,1,1
cf59e6f4-9d29-43ad-86be-ae887773bcf1,1,1,1
cc5426dd-7b62-4d93-a980-0eed4bc57e62,1,1,1
d96feef2-5fe5-4459-ada6-37dd5cc243b4,1,1,1
f1f6918d-6941-4764-92d6-0a29bb3caeaa,1,1,1
47ac44c1-2425-4bd6-9abf-004b6107551c,1,1,1
fec4acdf-13d4-4655-861e-7bedaaa1b892,1,1,1
4d09972c-e37a-40b5-9356-306c7c852fc7,1,1,1
d95afd07-da54-4414-b742-afd41aef4d3a,1,1,0
0f7f7f92-946d-4d67-b0a1-1469590a1d4b,1,1,0
e1df393c-8745-4958-b30e-686e21e94096,1,1,0
6a6285cb-d19a-454e-aa03-3ce064e22809,1,1,1
6f17bdf9-7719-45df-b0e4-a769162332a1,1,1,0
afbaab94-45d9-46ad-98f7-0c3f2b32222a,1,1,1
b907defe-0a62-41ba-9775-89d4eb85dce6,1,1,1
6fd98a6a-bf40-4293-8952-c1a5bce81a06,1,1,0
875f8258-4805-4929-8a5b-44ed4159144b,1,1,1
06991198-18c7-4804-a77c-585ce861477e,1,1,1
63c4019a-866d-4d5c-8fc7-8f9a328fa467,1,1,0
d941426c-89a5-4549-a1b2-f31764b0eb30,1,1,1
e4338962-f0b7-4390-a6b5-41d381a20649,1,1,1
f456ccc2-7681-4a93-8a4e-8934d397cff4,1,1,1
00b7d4b9-3ae9-4ab7-be26-bd9b81e13126,1,1,1
68f059c7-46ac-4391-9b39-9e5ad133eb5c,1,1,1
61a738bc-ce94-4942-b93b-6c39e3ad4f07,1,1,1
ea331ee2-57e7-48f0-8dd1-a4373764c8b3,1,1,1
fe8ff5df-973c-40d1-a398-95fb84074e9f,1,1,1
20815d02-4989-4fc1-aa2b-816a39a69d82,1,1,1
73a44997-bb16-414c-8fde-2bcbe1782afd,1,1,1
ff5eb330-01fa-4801-9653-003c7567442b,1,1,0
a9507e34-127c-4977-9c65-52624a6b86e9,0,1,1
4923fb73-6632-4005-a716-6a6647ca94ea,1,1,0
cb82ac75-1c94-4977-8a17-f7198f264ef4,1,1,0
b42a00b9-e084-4719-8240-5a94b6f15ea0,1,1,0
ed1d89a2-7972-4f8e-baeb-49a74b820153,1,1,1
cdba1970-d78a-4373-b60d-5468e5a03037,1,1,1
98996bff-5f78-42aa-b6d5-a75884c747df,1,1,1
01a01c08-3248-4f95-8e02-afae7e99f0ce,0,1,0
e547f2dd-8d16-4c96-a341-dea635c53e94,1,1,1
ecd61def-1c09-412f-9685-a6e7434e9e5b,1,1,0
45181776-22cf-4095-8c0e-239c04e2bf1b,1,1,1
a07e48fb-e944-4470-9589-6e4c1c2c312c,1,1,1
e8cab761-356d-422d-8c20-f26cba8e7a7a,1,1,0
661c7cbf-785a-4e2b-b34f-772a7b0c8dbd,1,1,1
6441594c-f39c-469e-9b45-9c51e80827db,1,1,1
d4f3d02a-cf1a-4725-a6c9-5dead0bc7939,1,1,1
0f8aa02f-9f86-4ff0-a046-e4ab411d95bf,1,1,0
b816d7a1-0f91-485a-8855-3dc9ae4fdea2,1,1,1
fa06c462-a4fe-42d5-b3db-2422b4c2b8d7,1,1,0
52a84285-6b46-48e2-b188-0cfbdeda2261,1,1,0
1ebc68a9-4ec3-4ebb-9b54-8c2fd111f8e2,1,1,1
f9a4986d-3ec5-4b8d-abca-b0a8fd1235e2,1,1,1
d9a60717-5ece-48ec-b3dc-7fdc75a4c23a,1,1,1
bf40c473-f786-447d-a16e-97dd7f80180a,1,1,1
70bacccd-82d5-4838-a2df-68cd506395ba,1,1,0
a14b2c9a-3ea5-4d56-a4c3-9a2d28ae6f0b,1,1,1
4e77e863-a617-454b-bf73-491bf7019277,1,1,1
eb520e6b-a68a-4e2b-abac-d972febcf7cb,1,1,1
e47178bf-53b4-48a4-87bf-04847cdc7cbc,1,1,1
3e831d5a-dcda-4a59-8315-b7907fa98799,1,1,1
e00b9e8d-1e97-45e8-b321-d99a2341218e,1,1,0
bde5c19f-a33b-4102-8726-00ff874f5212,1,1,1
38e06e03-0f56-472a-ab0b-d100b60eabd2,1,1,1
d798b5a2-739c-4fa1-88ee-6fa60798ba81,1,1,1
1b39024c-924b-497b-a626-a2096cf53ad4,1,1,0
c09cc068-ce78-434b-9696-d712c4abd6ff,1,1,1
7446694d-8558-4f1e-94fc-a2a0ab8789b8,1,1,0
e67cc924-4b62-4d96-a885-5df1928c51a2,1,1,0
f46f9429-fb04-41e9-a086-c6856266eb7c,1,1,1
49f93164-ba0f-4c5a-8d25-792856fe91cd,1,1,1
f566630a-b346-4dff-be80-a06eb893dc0c,1,1,1
d4631e27-130d-4f1e-95f4-5693c43ae444,1,1,0
ce7da1a2-90df-4766-a865-54799ac8206e,1,1,0
37093d1e-f0c4-4fda-bd45-d56d486a4bd6,1,1,1
0ad051e7-8091-4466-ade3-fa0c1d14228b,1,1,1
fb077ddb-beaa-45fb-b028-81a5d22d8c0c,1,1,0
aa43fcc1-61ce-4f37-b36f-8d499f7b32c7,1,1,1
21d49c7a-8a46-4a36-9198-63e86c32808e,1,1,1
abc91e5b-8f82-484d-ac54-739ab40921b6,1,1,1
94bd790f-d128-45ba-a187-ca721a120988,1,1,1
fb4df5f1-c5fc-44dd-920e-026f85491c23,1,1,1
5dc81773-e734-4db1-ad24-434ca3c03bfa,1,1,1
2f7533a0-867d-46ec-aadc-3297eb10a7a9,1,1,1
f3714187-7473-417b-a669-75f3808bb734,1,1,1
e683d48c-8a8d-4e57-9ba9-a248a68f7a0c,1,1,1
66672b01-2aa0-475b-a513-0d1e8099280f,1,1,1
2c2ad56a-cadd-480e-ad14-b2e58f9fa20c,1,1,1
d8f55589-24ae-44b6-b7ce-dbfeaa65c770,1,1,1
43f045ba-fcd9-4b7f-9b14-fb532bc4cc28,1,1,1
07fbc814-c448-43cc-ad49-272bc831c30c,1,1,1
d0af8f70-b7ac-4484-9a90-13b1fd456f4f,1,1,1
31d4391e-99ab-4458-a09e-82e1f8df108e,1,1,1
c009e402-141d-48f1-9516-7ae8860139b2,1,1,1
b64b3ceb-0c0d-4b6d-8ece-c7d6a89580b1,1,1,0
b9f0a36f-2d08-474d-97ed-d014184a20b3,1,1,1
50c83151-376c-4fc4-8be5-986b43c5fdc9,1,1,1
7bfb0cdc-355c-4a80-8cd3-5656edec9f1e,1,1,1
ba787b3d-5f34-4bdf-991c-96cb071ebd37,1,1,1
9a27671e-e9da-42d5-83b9-bc39b09925b2,1,1,1
ae181d5d-0ad7-4376-8783-50c6cca2d4b4,1,1,1
6aa9a513-e044-4cda-860e-75337486b9b0,1,1,0
bd41d876-5c3b-4271-a85d-cfa85c5081fe,1,1,1
8c97a3c8-e765-4444-af02-7c83ad3d7500,1,1,1
c625f8ed-0a5f-4534-80ac-ee31b998145b,1,1,0
4dffe7eb-0eef-4330-a5a8-c5ea768149b9,1,1,1
3461faa9-eb27-4666-8a0f-2d10eab15ada,1,1,1
ce6c3828-d1c6-473a-83ba-04926d4e16af,1,1,1
d35d38d9-fb70-4677-bb0c-c464e2ab9598,1,1,1
cd2ec33b-646d-44a4-bc1d-cc68539a785f,1,1,0
c119d9ea-b776-4adc-aa1c-f8711f1b20de,1,1,0
6a8353a8-ade5-491c-abd8-3b61337a95a3,1,1,1
e9c72e3b-2797-44d9-bd9e-b6cc3d4daa62,1,1,1
6387f7e8-5efc-42a4-b287-39495710070c,1,1,0
80d3908e-6530-4755-8def-c204f5cfd612,1,1,1
4fecc0e4-a284-4c4f-af19-5fbde1f58d2d,1,1,1
d7a4f59e-75b7-45e9-8a6b-13e6e77c9e1c,1,1,1
040e64a5-5755-41db-8bba-d6e48b967c6e,1,1,1
fa14ee66-168f-4c8d-8923-89a12ee389df,1,1,1
88fcecbd-abad-4bf8-bf01-7c37b1aff093,1,1,1
5d38b355-caf9-4566-aadc-a5a70de651b4,1,1,0
32d34ac6-0da4-479b-a7d2-e061eec10fa6,1,1,0
d74b0433-3e1d-482b-a8ed-a266a237ea13,1,1,1
f42ad537-5463-4cd2-ae53-dca68c8f88c3,1,1,1
587e1abe-86cf-4fef-9755-d394225d94bf,1,1,1
6faeabf8-b864-4d24-a69e-6476133f9af7,1,1,1
d311e4bc-0985-4c35-9910-22929566a0ba,1,1,1
e9e837d0-ce11-4fee-a60d-b3b49b20ba34,1,1,1
b9ea648c-dff6-4cec-9152-a93c98047be6,1,1,1
0b7103cc-7bc3-449a-9953-704cf0d1b109,1,1,1
df4ab08f-f6ad-4018-8f89-35b05464cb20,1,1,1
f87bff43-83cd-4b36-a8c5-149ae0f5681e,1,1,0
8366aaea-81c6-48d2-b2d5-cb5916632510,1,1,1
8f59b2ac-8e12-4699-ae08-26f4a8d11c56,1,1,1
037e105a-a7ee-4484-93d8-7fe888edb645,1,1,0
a4661681-deaf-4783-9e36-44fe5abc2e90,1,1,1
5503d5da-64fd-40e7-bdce-0c55a00ce935,1,1,1
899093a0-8e9d-4cf3-9763-7bceb1c64d71,1,1,1
32c858f6-1f38-4d7e-8f43-7faaac10228c,1,1,1
babc0478-db30-47f2-b7df-91539da84fb6,1,1,1
d9922fa6-ba42-45bc-ad51-13f8cac14a97,1,1,1
bc89edf8-97a6-49b2-9cde-5bb6287d6cd6,1,1,1
2b40cdee-5f20-41b2-9f97-7ca868a1a79a,1,1,1
d275ce06-03af-457d-96a0-bde5b2b32337,1,1,1
40f35e60-9a36-4b86-b60b-06361aade59d,1,1,1
4d61396e-e65e-4a28-9900-020b20117f57,1,1,1
c2ae5b8e-37e7-45f5-ad2e-2ecaa0152af4,1,1,1
4fe4e777-831d-467c-a570-6f3347d9ffdd,1,1,1
f9ba2567-e3b0-4cbd-82e8-65435984488b,1,1,1
4514e633-9436-49ea-9f2b-9b1412dd1818,1,1,1
3613dc3c-8bbb-4e14-8119-006ffc29f0d0,1,1,1
a89f23dd-2d9b-4f60-86a7-f44293ca97ca,1,1,1
255b796f-c4e3-42e9-b0cd-db2128682dd1,1,1,1
e4d667df-d804-4f90-84f1-5d7568daa30c,1,1,0
d68c0d54-dd3c-41e7-b1d6-0d8dd5b69318,1,1,0
3f010384-5028-4eee-8fab-9270b759228f,1,1,1
b8b450cf-c0e3-40b2-9611-76e9d03188b0,1,1,1
3881adad-24e9-4434-b214-45fea05b5642,1,1,1
cabf1fae-2b1d-4748-82ac-44eb59b69e10,1,1,1
3874050c-d6e0-42d8-9d1c-f63dbd4ac879,1,1,1
5c7a7469-f46c-4142-8ae4-b9f9ee9ccdbd,1,1,1
b7b0ab39-04ae-4f1f-a22b-56399bfacd9d,1,1,1
969a9f5e-18f9-485a-9917-8c13c44b0561,1,1,1
dd102338-238c-47c1-b097-ae9f284cda22,1,1,1
d2b10763-0450-49c6-b381-eefe645bb33b,1,1,1
f00537d1-b09b-49d5-bae7-9383516a5508,1,1,1
865b0d0d-ee4e-4746-9fdd-1d480e70583f,1,1,1
2f423231-6573-4509-926c-9366824ae99c,1,1,1
fe65dea8-21f0-4a95-8b44-ba144a44a91d,1,1,1
93014eda-c987-4cde-9dcc-32196ac5ef4e,1,1,1
265ccd7e-2c42-46fc-94e0-39fb227bf462,1,1,1
bf412786-8532-4a06-bc56-d3e42359424f,1,1,1
74bc7146-e7f2-4d0d-850d-d2fb3b2d0a64,1,1,1
570db9a4-4abf-468f-9f44-8d1bec08ea67,1,1,1
292a99ab-9b91-467f-a657-5146a6ad7398,1,1,0
08238b38-2d2c-4845-856e-fd08ac02b3b8,1,1,0
70cb9ce4-80b2-40ff-8754-b0b0ac4a1c7e,1,1,0
f93adbb0-fcf4-4eb4-96c3-b7fd2bb1b2a2,1,1,1
2f39293a-b251-4c04-89d5-c677a822e5d6,1,1,1
bc9c1380-fa60-470c-99f9-1cfef1dc4528,1,1,0
392adef4-e4fb-4415-9719-bdac8db9d423,1,1,1
d26ba88f-e38f-4c0b-b529-e116f06da5db,1,1,1
a7c09d95-f89a-47bb-af7b-a6d7f1353d9d,1,1,1
a87a9b12-579c-46ee-8993-e71fbda6afff,1,1,1
ecfc6842-d8bb-4961-9814-4b2b244cf8f6,1,1,1
0545c83c-006f-4ee6-a67e-02b9f50e19ad,1,1,1
ea98ef8e-e794-4584-9456-b84a50844821,1,1,1
dd23ba74-bb0f-458b-a9fa-01ff80a19bce,1,1,1
020e61b9-9ee2-499d-9ca3-917da82c0c2b,1,1,1
ea33e45e-76b4-4a61-b463-752f6cdd43d9,1,1,1
f962420d-ad4f-4b59-9692-f46d34e8b068,1,1,1
c592dabc-1f7b-48f2-aa13-9588396e450f,1,1,1
52d267d0-8990-4085-8c3b-823c8af1758a,1,1,1
c3125427-ee5c-4d5e-9ea4-b5ea1028d8e1,1,1,1
a6e8064c-0222-4534-905e-ec4909c3426c,1,1,1
e314f8c8-470f-46da-b8f0-bf495c52a1dd,1,1,1
f953ef32-52c5-4ec0-b450-eb664736b20a,1,1,0
fa976ffd-fc4a-4010-a974-dada149bb7dc,1,1,1
4521bda5-1423-42fd-90f3-443b86d93093,1,1,0
27870330-4407-490d-a76f-b244712cf563,1,1,1
81d31da1-00d4-4f9c-97bb-0c235dcff095,1,1,1
a88cfd53-45ce-4503-bf91-60269d992c11,1,1,1
f7a0cc44-1a4c-4485-a7f0-c65c91036605,1,1,1
c8d922cf-bef7-419a-aaac-27b4cae23a5d,1,1,0
c8221cd2-5eca-4e93-a8d2-5b2284b9c7b5,1,1,1
fb1b2942-821d-4857-8a3c-16ca6ce984da,1,1,1
d2f20576-3553-423c-99c4-f276f34fc6d1,1,1,0
5d7515d1-7f36-40e0-ae51-dbc3acc5350c,1,1,0
09cfb68b-2167-4280-b2ad-859f15b67cfd,1,1,1
ccc7a283-151d-4a6c-bf72-e3b9546c8267,1,1,0
60fc4e2b-8649-4f7c-91e3-eabe193ec319,0,1,1
979dd74b-eca3-4fcf-ab12-f2767f6e99d1,1,1,1
2d96e050-f492-4bbd-b727-ab061939fd34,1,1,1
7cda200c-242d-4d15-ba9c-42507f7e70d3,1,1,1
b231e182-5e6e-40c2-9afa-49031c44670c,0,1,1
85842c9e-825c-421b-8bcf-c96e1bdf785a,0,1,0
ac2adca5-d5bc-43a9-93e0-b2a9b9ac9f06,1,1,0
514bb503-e683-499f-8bda-d7e8139accf1,1,1,0
24435335-d69f-472f-92a4-b9d2cc1d61ae,1,1,1
8f81dc89-073e-4869-958f-6222b770f1dd,1,1,0
182ad7a9-aea0-40be-9479-6f9a21150b08,1,1,1
0df3b3c8-ea41-4da2-ad85-53817124bf18,1,1,0
da6cb8bb-8f69-415e-af63-e10ba4ad487b,1,1,0
093b0b1e-bb91-4254-b0f7-0c9e273a407d,1,1,1
432649a3-260d-4b02-9da5-3c20bf6877a8,1,1,0
b65cc923-bfa7-4adb-b8a6-3d9ac9f95890,1,1,0
13c63183-af9b-4e97-a0c3-b7b428ed1b70,1,1,1
3f67f12b-62fe-4992-a580-a6ff3899ed44,1,1,1
74accdee-94ca-49e4-b501-d675c98be04f,1,1,1
181de80f-41cb-42da-b738-1186cb58a993,1,1,1
3191b4ca-20e5-430b-b929-902d98204476,1,1,1
26bd57e5-9be3-4b6d-acd3-421eaac4180d,1,1,1
b731e772-d341-4e80-a371-792556413783,1,1,1
a9f01063-cbe1-4f65-bd55-fb2546112486,1,1,1
8ad53239-814b-4e0e-99bf-f4705f2ee25f,1,1,1
063cdcd3-76eb-4c5d-9edf-42d8bbb8f09d,1,1,1
daeb660b-ce73-484a-b012-d852139f2245,1,1,1
b468523d-da0e-487b-91b9-535bd5c5c34e,1,1,1
089bb3ad-ce8d-4780-8dc4-31e20f3d7a82,1,1,1
f987c737-ddc8-4e92-b39f-5c0d369617c2,1,1,1
4ee427c0-c576-4750-ab16-fb46338525d0,1,1,0
a72273ef-224e-4a43-bdd4-f4d52d1b7a6c,1,1,1
58704519-9128-44ac-ac97-6fcbc71e3355,1,1,1
bb362c26-9cfd-4871-aa88-d03b915085a8,1,1,1
1c96f6b8-6111-4572-afcc-1b05810127c0,1,1,1
6605793f-7483-4143-885b-598cd723e2b7,1,1,0
cd3a60f3-98f0-4e80-a413-bb138a7fc2a5,1,1,1
f5e182dd-ce75-41a1-9128-5bfca08fb3ef,1,1,0
da63d407-5e39-4b9f-aaa4-7e411d5c3ca7,1,1,1
7c994952-ca1b-473b-b156-8a1546772bdd,1,1,1
db562cf9-02c7-41ed-af02-6bbabbf3cd72,1,1,1
d31d9e5f-68fe-43ae-ba97-8525cbd6f6c4,1,1,1
f0a75a78-5011-49c7-b21b-1fe7565537bf,1,1,0
55880ca3-caf9-4941-9b6b-d33026a36f54,1,1,1
fcc55b29-c793-465e-8794-d8bce3d2556c,1,1,0
b2c92330-8e03-4c49-84ff-7ec293fd9bb7,1,1,0
20a2ea31-d269-4781-9859-db5985cf88ad,1,1,1
e688300d-f454-43e7-a10f-f7ea1e99db02,1,1,1
cfef184d-8cba-4f05-b192-b277b2514be0,1,1,1
565a8c4e-8304-476a-aa22-7429e132e5b4,1,1,1
0e667e22-5639-4a2e-b8b4-9c68afe23acf,1,1,1
5761ba38-9000-4637-9c4d-4215702fb96e,1,1,1
3d580b89-1e42-4b52-acc3-5c4127661ee1,1,1,1
db364035-a50e-4642-be57-9d596300f1bb,1,1,1
b1ef1628-57bc-4f8c-beb0-f586305a0bab,1,1,0
3fbb04d0-ff43-49e8-8710-b056d14ca35c,1,1,1
1008af2f-91ec-44c0-8b1b-a49b563a9d8f,1,1,1
9f10d38e-acc7-40a2-8ec3-9b5f59f8b234,1,1,1
8d510555-3966-48e7-8901-6939c0958ec1,1,1,0
7c05e860-7dff-4cd9-9cb7-bbf84a91a623,1,1,0
07d478dd-2241-476d-ac9d-e088e11e967d,1,1,1
cfe7d541-a57d-44e8-8795-1e7475122fb2,1,1,1
1ef8d0cb-0db4-4729-8eaf-37035ab1bc24,1,1,1
7dd6d98a-e4a4-4bd7-859d-5e2411d6ddcd,1,1,1
d231afb3-524c-4e0f-ab9f-491883ea310d,1,1,0
c9b3f61b-ed40-464d-9ba0-e385c50d3937,1,1,1
710a4093-e50e-4a68-8753-a1a09fe25ddd,0,1,1
7a1b0cdd-809e-4487-9542-b9a7990b4e08,1,1,0
a5e0e5eb-f445-4783-bad6-5e1f2650eeaa,1,1,1
b8bea2b3-7694-4ec7-8826-4b06f450e52d,1,1,1
cd839811-16ec-4d0a-a4cf-acb1b276d7aa,1,1,0
16137ce9-66a3-4ae4-a680-23ebde37de99,1,1,1
2958e6d9-dd67-4834-a935-369b670c4ba7,1,1,1
cbe446a4-977d-498b-9f9e-3bb7c76ea20d,1,1,1
51333e59-b8d2-4a28-8835-314d14f67bca,1,1,0
ecf6760c-deed-40c0-8abe-05606c7470e8,1,1,1
bf2a10e8-10b8-479b-8471-7275f6fb56e8,1,1,1
0ec08a5b-7682-49d3-8b5f-428d87d96c16,1,1,0
d0130dfd-14c6-4231-90aa-1a4f9f25bc69,1,1,1
2cc06aa5-d474-402a-88c4-b93f536f4508,1,1,1
0d51e49a-a14c-4c34-8934-6aa8a8ab80a9,1,1,1
84f6e10c-145e-4aeb-b715-da2a74bc90fc,1,1,0
e64edb36-acef-41fd-bdf3-4cdc768ad8a3,1,1,1
fadbf795-cd6b-41bc-bb89-8513bcb7c028,1,1,0
4d49c8bf-8f85-40d1-a2fa-f065437c1d5c,1,1,1
d607eb4a-2d99-4b5b-9cf2-8a3969f6bf57,1,1,0
660baf6c-d45b-4c66-b95c-a87553e9c57b,1,1,1
73209a6d-bf98-41ab-b478-05b25a8aa0de,1,1,1
b86730ad-1e78-4ace-8b63-d98fe589eff6,1,1,1
cbcef300-02a4-4c5c-9133-02506504e38a,1,1,1
74773f61-dc1f-47a6-9e7c-d770d53a5a71,1,1,1
b505c2e9-bb74-45f4-91a5-822f677682c8,1,1,1
4de1294c-85b3-4763-9b55-c92d559363ad,1,1,1
038e4947-c182-4e67-a1b1-166e2b3c06ed,1,1,0
010b7ddf-2a23-4309-a453-f3b282edbfe3,1,1,1
35c2cbd4-c0e6-477d-9f62-4da0dcd7d1e6,1,1,1
faf9da24-8139-4cac-b2c7-b9f2bb661c2d,1,1,1
b4cb2269-e299-434e-9bfa-d0897b678a28,1,1,1
add25e03-fea2-4231-b765-e6b9e3d573f8,1,1,1
14a68761-a85e-430f-8a7d-7f4a596b5f09,1,1,1
87712279-56b9-40de-82f5-043dd6e34703,1,1,1
05ab21cd-e08f-4b7d-a8a1-a0e254ed0976,1,1,1
5e04fd14-5212-42fa-9d70-d569360fb66b,1,1,0
8c8646a6-8e7d-4412-a83a-1518f99e79c7,1,1,1
0303c64c-4d14-46bd-8e26-0001ec6f414b,1,1,1
a173ac60-d2e1-4cbb-9954-d6292b79d8d2,1,1,1
f94bb0c1-014f-42f2-874a-915ec95da2a3,1,1,1
bd47f0a7-ba72-4b19-b707-1e20e48e6ec1,1,1,0
26489841-2e47-45d6-85bc-19db7ce62e1c,1,1,1
3d2f561a-9bb9-467f-8b57-9cbfb9b556ab,1,1,1
5defbad1-bf6c-4c8a-96db-6eb42940aa32,1,1,1
0734b585-64d6-4aed-aa66-eba7bc267977,1,1,1
97af331b-698a-4bfe-8036-09dd23b292c0,1,1,0
0a104fca-31d4-491a-9072-902c01582f25,1,1,1
5eed7705-b220-4de7-8564-78a9209d8190,1,1,1
4bd5981a-ba8d-444f-9546-84791ac329b5,1,1,1
e13d0cd0-8db9-4872-8edb-4bed9287f80d,1,1,1
d4ae8529-a5c0-40bb-8ac1-10f35c87b7c4,1,1,1
f4637870-feb3-4a57-bd8f-fd09dd184e17,1,1,1
f2bf4292-f0e2-4eb6-91e1-148774ab72d9,1,1,1
cc11af41-194a-4767-97e5-9b08d0e1fe1d,0,1,0
c5902795-3532-4bb4-a287-2fdb66069239,1,1,1
010ebebc-f3b1-447b-9518-2ab8bff99bae,1,1,1
6c332f6a-26c2-4c8e-8b58-b1733ea3d381,1,1,1
0eb5ae6f-c671-482b-9944-bc659c7b60b6,1,1,0
3b8b4dc2-1bdc-4a53-93fc-f3f795ec2b85,1,1,0
894adc66-4b04-4e61-af92-92c22155b586,1,1,1
e9df03df-a349-4e6f-9d8f-0da2838c36f2,1,1,0
0839826f-ac90-49ed-afcc-cfe0a8c2d269,1,1,1
407c6149-2ac2-45d3-a83e-efb68133b966,1,1,1
fc90356d-0321-419a-88b1-669397f6835d,1,1,1
969efbf7-7782-45b9-baa6-f04174abdc37,1,1,1
c914c365-76bb-4ae1-9334-9524520667db,1,1,1
cd2ab2d4-f48b-4dd3-a582-6c2912572b65,1,1,0
38543d6e-1af1-453f-9726-84c27ca0736e,1,1,1
f75c914e-b33e-4090-895f-888888224a2a,1,1,0
9ea9fad5-64c6-42e4-bbd5-b6287724cccd,1,1,1
28781eb3-b164-4c76-a8b9-62873ae9a172,1,1,1
2413eb48-47c2-4cf4-bbf3-bdcd6544433d,1,1,1
46d257c6-5754-4774-bd1d-0b3307ea74c7,1,1,1
9f4c84b4-900c-4a68-935d-3325d8a91272,1,1,1
abd945f4-2ba9-4d97-9039-0f57021c0049,1,1,1
7b8daaae-d15a-4050-9b7e-99ebcb244d5c,1,1,1
ed887a29-cbf1-4ae1-8faa-5741fb11683f,1,1,0
45f2a685-4e25-4523-9b06-75b4bd727c39,1,1,1
b1c18de8-bf70-46c1-94a2-cfc0f6874202,1,1,1
3a731a21-5401-4491-b520-21a981f12cc7,1,1,1
f8c2e2a2-6841-4352-8420-fca25a13883f,1,1,1
78914331-dd32-4955-a105-5bcdd66d56a0,1,1,1
dcff9ee3-a1ec-48e1-a440-4aaf4c5b2c79,1,1,1
3a9459d0-be9a-4b12-97d7-7c0e8205bfd1,1,1,0
8560ff4b-5f4d-4fe8-b804-2e28c4aa8ff5,1,1,0
e6b89d80-4e45-4dd0-8c63-4962297737ac,1,1,1
51bce565-bedb-4d6d-baa9-ee736e39c543,1,1,0
e7428883-0ffd-48c4-a025-bce24a67b914,1,1,1
5ceb29d1-8621-489b-b47e-e08b1e19df34,1,1,1
7a23f013-6a06-41dc-a85b-f2d8f0f549b4,1,1,0
4b5fb405-de6a-4d44-9457-da7010d4acc8,1,1,1
b539cc93-c520-4e95-bb8e-73d1d9926042,1,1,0
dafe7cd4-3a32-4e91-a1aa-3c3afa143b0b,1,1,1
b77472ea-ccc1-4a68-9a40-90adcea5670d,1,1,1
8285f56c-6820-4a2d-a7d4-dc4df61e7e76,1,1,1
4cd94865-f518-4c97-9832-866a2111df1a,1,1,1
daf688af-44bd-4b63-84b4-3fa05772a7c8,1,1,1
13de4345-0ec0-4bf9-9b9f-c0b233ca4525,1,1,1
3f8a1c76-e399-49ed-abd6-d0d43c877546,1,1,1
1b49821c-4fbc-4bfc-b610-29b3df125819,1,1,1
eeee5e66-f776-4663-9eeb-b397834da809,1,1,1
9d4ae9d9-a3f8-45f1-b758-b627e9a062c5,1,1,0
222d4f55-1a91-4914-94d8-7aac0a4fc8d8,1,1,1
1ae2d653-90e6-4fe1-bd6b-6457c7e0fbff,1,1,1
9ad01acb-cb6a-4bc9-8ca8-31366dd0fa9f,1,1,1
249a9846-0287-487f-adb3-0702aa4dc8ab,1,1,1
da3a4fac-c01d-46a8-b426-feb2f432f616,1,1,1
53ced7a1-72b4-4847-85ab-873baa1807df,1,1,0
781d5e98-914e-437e-8a82-4b8b11e81f19,1,1,1
48f97078-727a-4de2-97bf-b41809c34776,1,1,1
a368461c-22f0-48a2-a337-c3042b36b0ac,1,1,1
d773aa85-5762-404c-89d5-1593e5696aa9,1,1,0
bb50344a-9f47-4d0f-a344-949ffcac7790,1,1,0
0eb28c66-2e40-4934-97c0-3b99f0d380eb,1,1,1
239e7926-3c06-4bbd-af74-5f7ce3720993,1,1,1
6db6d3cd-3603-4d65-82bd-5eb7daf0b307,1,1,1
86389cf1-7606-4896-9f74-7a0ca3ebc76e,1,1,0
58496c0e-6b15-4f97-955a-6a15c3e3195e,1,1,1
23ee89a2-2fea-4f88-bbed-1e6a55a05d4c,1,1,1
ae47b150-b48d-4fb4-b9ff-06af55de897f,1,1,1
b59ec912-6a08-42a7-83f4-740c3849bbb0,1,1,1
eef8cb2f-78a1-4812-9beb-c3e0d47cafbf,1,1,1
e528a301-0ccf-4109-b446-cffd3b08268b,1,1,0
a4624925-53a6-4fbd-9f24-350a5ad0263a,1,1,1
45e92c27-ffea-4292-bce0-1085cecd56e7,1,1,1
529de408-23ec-4a18-8f1e-3cf6404e2ab6,1,1,1
0418088e-0366-48c9-8c96-80e06fd8f007,1,1,0
8e4e9e79-178a-4d56-9ff7-ab0009125624,1,1,1
e08130c4-dd53-4eb6-849b-115869729d85,1,1,1
4914ae7d-e647-4b58-a676-b4929c73eab7,1,1,1
a57edd1e-fc6c-4719-940a-60772a257dbf,1,1,1
8e448270-53f1-410a-9ac5-bb38d3fe9805,1,1,1
9edc041d-11d0-44c0-bdf7-19c4b5ba2764,1,1,1
1303ef45-58ca-4495-94f6-941c72177e82,1,1,1
9b691dce-c3d5-4c8f-a00f-1c0eb00847a5,1,1,0
79b07799-8ab0-4245-820a-bd94efef2109,1,1,1
b70e2d49-311b-4af4-870b-d95086f90abf,1,1,1
641fe431-4aeb-43f1-882d-f2d1cbc8dbce,1,1,1
bdd452ac-e621-4572-9e62-b1361cc99d7f,1,1,1
a5acbf27-11a5-425b-bdff-2fafe7909c14,1,1,1
30a0c934-827c-4ad3-90ba-c02b3e4592db,1,1,1
6ec3b515-97d1-4aeb-9dfe-7dfbf0b0f6c0,1,1,1
f3219cc8-f765-4a1b-9138-642247a36257,1,1,1
1af2b96f-acfb-4adb-ad89-159eec940fbd,1,1,1
3850de22-74e2-4aec-a524-82a77bd8106a,1,1,1
670600c1-f42a-4e02-a17b-16d3320640cd,1,1,0
666d5274-786e-48eb-bf31-f55348dbf6c5,1,1,1
dc519bc9-f1e9-49c3-b11d-ba57108caa61,1,1,1
637314ba-c40d-4462-993a-92789fdaf795,1,1,1
65b69234-326a-4773-9140-69ef75fad808,1,1,1
1f25ffc6-9a28-47b9-bd52-b3072aa4cbcc,1,1,1
572e6ec1-8f0d-4ffb-b014-d3c15be70357,1,1,1
0cba731c-bd6e-426e-9e46-8949c4005513,1,1,1
8840132c-b80c-4fb8-a5d8-828d9a71c8b1,0,1,0
c707ac35-9b32-4bec-b61f-f6ab45a9f7b7,1,1,1
a517e5cf-6875-43f5-bac9-5fd8db781eac,1,1,0
f61cbbde-463d-421b-b2f2-61c5af2e06f6,1,1,1
66cbfa80-53f7-4e04-a6ab-4971e70eb5bc,1,1,1
da2b9977-4259-4579-8c41-c712e3b20348,1,1,1
dd355204-1f3e-40fc-8d6d-3049766ad920,1,1,1
9529dd3f-045a-44f6-83ee-dc5f540baa14,1,1,0
d4cda49e-470d-486f-927c-97452f309305,1,1,1
d4d838c4-e32b-4a75-be64-78488452db4a,1,1,0
a63f903f-81f8-452c-945d-2f8e51a5b6e5,1,1,1
0660d85e-433c-46b8-9914-4d4a0a910aa8,1,1,1
ef83b55f-6ce9-4418-ae0a-f885035e4ef6,1,1,1
a78a1f1a-5573-48aa-b6b4-ca6008ab1322,1,1,0
5d83d3f4-d9ba-40ed-bfdd-f2194594072e,1,1,0
b03bf1d5-1e10-4ca0-9726-898e96141976,1,1,1
9b1eaa94-6e93-40c5-b2f7-15fb4ad40021,1,1,0
791dd2ba-61ab-4c2f-8b86-01510b1fc157,1,1,1
dfba526d-95ec-4fae-9eb5-e839e80d8daf,1,1,1
9e47600d-50a8-43bd-b318-48e8ea8f1f83,1,1,1
eb16490e-22f0-40d9-bbf6-1e4d2157d8a6,1,1,1
fb2243b6-f2d1-46e9-bc4b-7dac3374a8c5,1,1,1
52981518-537a-46b6-a59e-7aa6002d2094,1,1,0
164d9bd3-1344-4e13-8b23-8677779fae26,1,1,1
6f93663f-a252-4649-880d-146f5e6d4cd2,1,1,1
fbedb36c-92d5-431d-9343-d61bb472477b,0,1,1
f2ea48ec-a605-43d0-9450-e04aeb5a07db,1,1,0
a56423c9-6c08-49e4-85c9-3a37136264d8,1,1,1
d67878e8-f45b-4cf9-8d54-f7eb992e6270,1,1,1
8c0895e5-57b8-495c-9e84-81bedaf717af,1,1,1
6905fd25-2a33-40ce-ad8f-596f9d0480e7,1,1,1
c1fa3ceb-3c74-4753-a746-200931783866,1,1,0
3c3bf430-6ff8-431d-a03e-53fbb8e0eedb,1,1,1
eeda5632-8b24-4705-aa0f-001b578e2e30,1,1,1
723cadf3-087f-4b34-a49c-9e1f20952ad4,1,1,0
33620ec3-d1cc-40c2-816c-6ee563130084,1,1,0
da93e3d0-2c68-4e63-a4ff-f4dc914c9ed3,1,1,0
c7d43ab1-fe81-4796-a930-8a3279ffe828,1,1,1
38b72327-6edb-43f1-be61-f189a5bb9bc9,1,1,1
3e51180a-6de8-4682-b5a6-2b4a8ec1a320,1,1,0
2f2ba25a-cd17-4d99-9023-16245833250a,1,1,1
afc3b0eb-ef76-4a4f-88e7-87f2abe38609,1,1,1
e8bcaee4-dcbe-4a47-b5cd-c5f161181e13,1,1,1
78d1f1f7-f2fc-4044-a7c2-9ed28b76d5dc,1,1,0
5491fb5a-0460-49bb-8d17-d0c8c10d066f,1,1,1
53605c7d-c46e-4828-921d-47ed62fb655d,1,1,1
7bf71442-9d42-4d93-afa3-3d8d5c3c9d5b,1,1,1
3ab95bf7-6b81-436d-a4e7-ab0b6f9691a6,1,1,1
6fe1038e-104e-42e2-946d-457ca66ca007,1,1,1
9a7f0137-03ca-4e9e-924f-4c837ab50251,1,1,1
ebaaf982-56ea-41fb-bfcb-f4e24d4be56a,1,1,1
f36468ec-7214-4679-8a57-01c14c11edca,1,1,1
9ac149f7-758a-4643-b171-090fc8096d3a,1,1,1
dfa6f0d9-1487-4fb8-984d-b92974215f78,1,1,1
e13f5c82-d2f0-4fa6-94d5-bac1a1cfe9b6,1,1,1
2046bde6-8972-4be2-8cf1-c1d3e301834f,1,1,1
8d21f076-11ba-43a4-bd5e-f85d1701d117,1,1,1
72519e39-eeb0-4fe0-845f-6ae215e48fdd,1,1,0
b6651b5e-cf16-4b51-9285-98c35fe35350,1,1,0
0e1cd45b-9ec6-48e1-84b6-937b924b29e0,1,1,1
d09ced22-8578-4164-baea-72339c561119,1,1,1
55eca103-9cf9-4a0b-97c7-8b41ba24dba0,1,1,1
8744bf04-5372-4806-8591-60e4e2e54ba2,1,1,1
033ce820-a728-4b35-be9c-41515cf8bbb3,1,1,0
d1ba19db-3f0c-43bd-a279-6573c4af6465,1,1,1
f0581e90-6d91-4011-8f79-f2e02b55bfeb,1,1,1
c1f0e9a0-e743-4adc-873e-3684c36e5367,1,1,1
af31d096-add3-4d0f-81d3-b3a99830aad0,1,1,1
9221992f-9c94-42d7-8299-34d9dbe065b9,1,1,1
2139a667-2827-47f0-854e-5cd94a37848b,1,1,1
dd801b40-0e4c-4038-aa99-18f37344323c,1,1,1
95b2cd06-568e-43c7-bcea-6cc072b89e11,1,1,1
7a3d2a52-4b53-48cf-8214-d06e0213318e,1,1,1
9e4db07c-29f4-4294-b872-1fc63813de09,1,1,1
6e2859f3-c273-45e3-ad4f-e1772c29b1e5,1,1,1
9841b5e0-f2f8-4be9-a63d-14ed585507fc,1,1,0
1120d368-8852-4cd0-81f8-a86542e4e977,1,1,1
86678ce5-74a4-44c8-994c-c8054c726c00,1,1,1
e7413e53-c18a-48e3-89b5-4f8fb529065b,1,1,0
8389f6a6-a013-4df9-9182-efaeccf01ddf,1,1,1
c727dfab-94d9-4c4f-b7c7-5dce1503859b,1,1,1
2d444f76-3e6b-4bac-ac7c-7d157b1f2569,1,1,1
3e6e69aa-55d6-408b-b692-21cb60fe656f,1,1,0
3c46b070-0acc-4891-a99c-8f0021b02166,1,1,0
6937821b-bbb6-41f1-aa12-97aadb414a05,1,1,1
d48d2213-b406-4451-af54-e3345e294d67,1,1,0
e0160dc1-9ea9-4be4-9810-a01e4059559e,1,1,1
682c56d1-570b-415f-af26-44cc95449a2a,1,1,1
8d278c1a-7e82-4787-b344-43643a5041ff,1,1,0
51bc8392-990f-48ad-a31f-04a986e4e502,1,1,0
189df441-a12e-4d57-922d-2d9fe02efe49,1,1,1
928eb5a1-d2b0-4647-acfc-0ef59cf79fab,1,1,1
5b09a4fb-a3db-4b44-b17f-28923f4c10ef,1,1,1
909368d8-9048-4bf2-a8a5-e79b82317f9e,1,1,1
c1fe0ff7-8a11-435f-9e98-a1e0545e6373,1,1,0
ab4a3b65-46d6-4791-b54d-bbd17f480ddd,1,1,1
b12a5fdd-7398-4216-b44b-14a015b12592,1,1,1
ba79a4d3-2aaa-4f19-ab2d-a449e16702a3,1,1,1
7859ffda-b865-4096-87c6-944c2ab75fbf,1,1,0
414edf56-1e29-4b97-8573-60f98dd1d169,1,1,1
88b4073b-2c24-42be-81da-80632558167d,1,1,1
90bfd4d5-24ba-484e-8e2b-9d34c696bf30,1,1,1
0ea9de2f-1db9-4bbf-8364-8304f4b2e499,1,1,1
5d01ae66-ba53-4201-b28a-993daadf0552,1,1,0
bedfe985-df99-4346-b4fe-2899c01dead4,1,1,0
45c1e6e4-ccdf-4cce-ab4f-adeb311d1f44,1,1,1
4bb6db76-cd1f-4a30-96b7-cfc5796dfe17,1,1,1
5f788fd3-b303-4862-9f48-8ab9b30c28b1,1,1,1
2f185135-0908-48c0-bd32-c9854e7a1cf9,1,1,0
79dbf1c9-0b84-4749-8947-45ddf39105b3,1,1,1
e4cc7ab2-0125-4705-920e-51e707f7eb12,1,1,1
c38aacd8-8a86-4d17-bbaa-be4b91617475,1,1,0
d274e1a9-4390-447f-a3db-a647da6b08dd,1,1,0
fa405dc8-c545-462d-ae46-4c718530e998,1,1,1
98513735-a5a5-4db4-b380-024f566936ec,1,1,1
2f706da8-5f78-42c8-99ec-f4ccdfb5c25a,1,1,0
02801857-c37c-4781-b04f-55c964f62d02,1,1,0
cd6e8194-b179-488f-8781-e6afab173477,1,1,1
06cadfe8-3b5e-4580-b479-6c62184fa12c,1,1,1
4e239f7f-8685-49f9-86b9-db0df49d0bc3,1,1,1
699f2ba2-696f-4b8b-b509-c559002d44dc,1,1,1
ab76253a-cd10-42a4-8ee0-09446be739f4,1,1,1
d92ce973-a24f-4319-8490-86daa6ad6b46,1,1,1
4793d2d3-9ed3-40d4-ad2b-6d25a7d61f95,1,1,1
fda533d0-d9c0-49d5-a3a8-cdb65c515bf7,1,1,1
ad2e508c-bc34-478c-8cb5-195af4a3b2cc,1,1,0
62aceebc-5c91-4399-b77d-1f8486e694ff,1,1,1
0f57365f-704a-4cea-821c-5d9ecd167dcc,1,1,0
0a28c10e-da02-4f9d-90f6-c5d8069c497d,1,1,1
ab8a9e16-7899-486b-8bf5-49ed8f644551,1,1,1
9ea8e774-b4e6-4e4e-8f1b-366b983344d9,1,1,1
3293964b-e08a-4266-89c5-61918812b430,1,1,1
b2003315-f495-4c42-aa22-bebe5e2f22bd,1,1,0
830a2cfa-8735-4d0b-a5c0-01a59caef91e,1,1,0
c2464eea-5cf9-4c08-a4a8-eedaedf2ba40,1,1,1
0c01caf6-6ba5-45a5-9bff-23cc8f57eb7a,1,1,1
99ee4428-527d-4ff6-952b-ba103355e2a4,1,1,1
8cf61e4c-eb6d-41c9-af14-1b5f2b777c06,1,1,1
8b6aa699-981a-4d87-b979-4759149e62fa,1,1,0
cb9865f7-7c21-4942-a5eb-6718ece52ca0,1,1,1
30c5c7ac-aa95-49ff-9e00-467764136ecd,1,1,0
7967d34c-1c94-4b64-8d85-4549fd382a05,0,1,0
52aedca0-037b-4c99-b8f0-d881e8942997,1,1,0
9094c08e-95d1-40c5-9b08-867711bc5e26,1,1,0
0bf0fdf4-59ca-496d-847a-d5ebcdbd6da0,1,1,1
da78d882-f715-4223-b7e9-0dc9d67e93a2,1,1,1
4100c03f-e608-43eb-ae24-b11933be23f2,1,1,1
e82e6281-f7de-4597-8b0e-af570e1dba48,1,1,1
e9e4a1a4-6d0b-4615-9965-8ae4bd5af41d,1,1,1
8ae488be-191e-4918-923c-ef10cce6f19e,1,1,1
f21fc4d7-d975-44f6-8614-035f7e9f71ae,1,1,0
b350d223-4072-4a35-9c0d-389021140773,1,1,1
8e3d6137-3dd6-47aa-b435-d1063e0387f4,1,1,1
8098f849-a575-4534-85fc-cd61f8b7176e,1,1,1
4df31c12-ae60-4f3f-b4d4-2deb5166d227,1,1,1
6c5bbfaf-7c95-4afb-99e5-35f100071b43,1,1,1
a2a2ccd4-e6ad-47d3-b192-dafdbae49790,1,1,0
50daf4cc-2d56-4ff2-a8b9-d96e4f23cdc2,1,1,1
7b4bdff1-f804-4ee6-8576-91b947459d35,1,1,1
9136de52-bc67-4550-9c4e-488a48c46a1e,0,1,0
98e61773-7840-43bf-b5c1-e91e502ff1d9,1,1,1
9a116bc8-c147-4f0d-b92a-74c0c74fb063,1,1,1
be530bcf-5d6c-45fa-bada-102136270dda,1,1,0
29a1ebd3-c0a1-46b1-9e6a-1df18fc87bb5,1,1,1
50223643-e297-4ac6-85f6-1b66aacc875d,1,1,1
b065127d-486c-42e0-bea5-243cde52fbfb,1,1,1
2fadba23-a1d1-491b-825b-c6b89b04b88d,1,1,0
b06f00f8-6066-4f4c-bebc-7f8e15159689,1,1,1
09a1ca1f-2360-4b20-87a6-4303b5e76d8b,1,1,1
5df48eda-a88e-404b-8a6a-530bd6a6963f,1,1,0
d9248bf7-2eb3-4d9a-adf3-cb3c6c4d39b7,1,1,0
d760b140-0497-42e3-8d94-210877379715,1,1,1
1a685135-dd63-41a4-bf14-48d74658b0ed,1,1,1
9a3167aa-2494-44d2-881a-87b8efbbd829,1,1,0
8a2bee59-a4cc-4db3-904d-1fb75f6d072b,1,1,0
ab5d437a-e7c1-4d7d-b0c0-466672053913,1,1,1
69604634-911b-413d-aaba-1a596d5c6881,1,1,1
891c588c-ec25-4c98-8718-44c1ede44609,1,1,0
2698ec42-e80f-4af3-8d23-a0f6490f297f,1,1,1
542daeb9-a00a-46f0-8a92-e994a871eda8,1,1,1
ac30403e-fec3-429b-bdd0-4db7686e8937,1,1,0
c07e59c1-e5e3-4180-95a0-ec5fb5a9399f,1,1,1
3277556b-0de2-492a-99cc-9adab753eed7,1,1,1
c6fc52cb-63b0-47f9-a2b6-e0c7da634eef,1,1,1
80b37d42-0f74-45c9-b209-99dbf34ccf7c,1,1,1
977f22d9-2083-4155-a7f2-2ca1838fd97e,1,1,0
09528ab8-67f5-41aa-895a-99ca4438ae25,1,1,1
692147dc-d70b-4c75-9531-da784df8efd5,1,1,1
f66ff8ff-2474-4573-9537-4edb332d7e1e,1,1,1
231f26af-23f7-48cc-88a9-70a665d94ab2,1,1,1
d7068601-b777-4a05-b70e-2a5c723dc406,1,1,0
431af8e6-ab8b-4905-a7d3-a9d2e7cef783,1,1,1
557c79aa-e5d8-4680-8f0d-b4d4a0358901,1,1,1
ecbd4cef-c41c-4f87-8a7a-83f03f1e8ce2,1,1,1
dd998f4d-cc62-4fe5-8f39-7d2feb4a1446,1,1,1
aa63110d-a8f9-41ef-ae26-211513976bbf,1,1,1
186f3eb0-8921-420d-9cfd-4ae9f5386b5e,1,1,1
bdf9001c-b2aa-4420-921a-1fec1925636b,1,1,0
d4f5d0b2-2a81-48ee-b6c3-0e14b9532927,1,1,1
60e1af16-fcd6-4f8a-8ccd-2159545760e9,1,1,1
1e3e44ee-f0f6-4a08-bf95-c242e33d1ec4,1,1,1
b2105e15-d066-44e0-80f1-2ca046feea3d,1,1,0
372f228b-d2d0-459e-9e06-9f7c795e7fac,1,1,1
5b9cad2f-c5bd-496b-a881-66ef543eb50e,1,1,1
49fed7e2-d7b4-4acf-80cd-efe6cbb7f9e9,1,1,1
e0e43421-dc19-4649-a3a2-518aeaca47ca,1,1,0
93496552-c693-4e41-b029-c0655544bf4d,1,1,1
d680f357-4a55-4203-9a39-891cf9c912b3,1,1,1
9dd6f7ae-e6b8-4364-8e86-daaad1d04725,1,1,1
022ab21f-803e-42c7-94c2-dd86e57571e2,1,1,1
305167e4-20d6-487e-9cfb-f6144cf02502,1,1,0
d296cdf7-c921-4e58-9511-9ce401590fc7,1,1,1
f84066bf-9ed9-452a-b811-a1453fbccd44,1,1,1
27d8a321-89d1-44f9-bfb1-c38f6b5d1b09,1,1,1
3990a5dc-ecf1-43d2-92c5-3f37045345b9,1,1,0
0c81ca63-019f-4dd9-8427-7a811b7b1f33,1,1,1
856fb346-2e42-4c35-bedf-89abddd11a68,1,1,0
c865d9b7-63b9-43d4-90a4-694c80a99a60,1,1,1
5fa94a39-3a3e-4290-b163-9fccca91c7dc,1,1,0
78c459d9-bf14-4b6c-a4ae-ba5eb3f9b496,1,1,1
94bfd928-b5fa-4dab-84d9-92a65d455fa6,1,1,1
4b739f60-27e5-477f-bb2a-76eb813e9795,1,1,1
33ed03a3-2720-438a-8c7d-3f9a0fa29aea,1,1,1
c4868c16-5771-4618-8123-bbebc91785bb,1,1,1
bd259495-786e-4970-803b-4cbbd9b2f0a4,1,1,1
a6d18f69-9139-48d6-9854-4830d10b55f3,1,1,0
97b8bab2-c9c8-4799-92f8-a4e964da4757,1,1,1
4d2b1aa0-95a9-47d1-884a-b8e09c4addcc,1,1,1
6284d7a7-f3ec-4c59-a49c-01228e38959a,1,1,1
9c9aee52-2ecf-46de-99bc-3a8179f77475,1,1,0
8ed50df1-b986-4311-adf7-a2cd7bac0939,1,1,1
690784ce-86f1-4d11-a16e-e4715df6cf9c,1,1,0
3cc1f19c-dafe-4744-880c-02f7fd6dcb37,1,1,1
5d0811e9-aa47-4c18-8267-f52e6352cac8,1,1,1
0372085a-ba40-4cdb-8e6a-0fc812643792,1,1,1
9e4e06f1-cd2a-40f2-9171-40c0e6c6c475,1,1,1
e03f06e8-b77d-409e-bf0d-06f5285b44cd,1,1,1
77e18cbc-6a55-4f73-8d63-75fbb960397c,1,1,1
95786293-d343-4fbb-8640-59dd1d8046a4,1,1,0
e83ab357-06f6-4590-a35c-3e6e3aee283e,1,1,1
164d0e67-4e18-4590-a1ff-61afb3185bff,1,1,1
ed8df184-f426-41b8-9783-895da07f9fcf,1,1,1
ba2d3d3c-6f54-47c4-8427-e8b9ca3747e3,1,1,0
1a74f649-62eb-4165-9b0a-bab4f86ced46,1,1,1
b574217c-e7b7-4475-9f1c-6b6c2c823ed8,1,1,0
0e343729-d020-425b-952c-87437d2e560c,1,1,1
eb08f73b-4508-4f86-91ac-b2792cc1a1b2,1,1,0
952d2f63-a85b-4a84-9d94-ec24ba9451d9,1,1,1
527fd8bd-c732-4a21-8b19-f6e2ed29adb4,1,1,1
f1b7b4b2-ff59-48b5-bd94-892d177deefc,1,1,1
279612de-00c0-4b4f-bc8a-0de00d24d08c,1,1,1
5906475b-46ea-46bb-8dfa-0152cfee02a4,1,1,1
c5432a83-47ad-4c6c-8378-0edef46d3a30,1,1,1
1b6d8b79-e1b3-497e-b5fa-5f6b2f108838,1,1,1
ed463dbb-5e1a-4ceb-a1a7-3c3aaf23ec56,1,1,1
f8e94990-3a42-497d-b998-479abf3d7054,1,1,1
eabf62ae-59f2-4a92-9804-250c7e494f78,1,1,1
d48622ee-3eef-497b-a7ab-dfea57e6a7be,1,1,1
ebc6107a-a904-4123-a496-c9b448f57560,1,1,1
0a54f874-a132-44f9-85b5-44951e392e6a,1,1,1
97264067-8899-4f5e-9e03-328246dcf38e,1,1,1
cfd4d8d3-6a55-4496-8225-cac393a75419,1,1,1
cd6cdde4-7686-4dd0-89f7-5d79e15e0cda,1,1,1
a7823c77-747e-4f11-be82-9ad1597ff2f0,1,1,1
2d42837f-15b3-40b7-9f4c-65a320941734,1,1,1
ed15ad04-aa68-4440-ad10-6e459e1c36a4,1,1,0
b5d6a333-28ca-40ed-8dad-8a5add8d48e7,1,1,1
f811bcb1-3f15-4bc8-940a-32c0597b8cae,1,1,0
ecaa9ce0-de64-4502-94ac-50d2f51b62c7,1,1,0
f7dffbb5-9eaa-4f90-b70c-920e54802f60,1,1,1
23e90417-b2db-4321-8f50-47562b05d1bd,1,1,1
48d41103-2d7a-4657-a467-949928ce4cf6,1,1,0
e6d3cea4-4045-477b-8e38-7751b8f8e987,1,1,1
2ba88802-8f05-4f1d-a4c6-b87bad987055,1,1,0
a89da99d-c299-4e61-8303-472b5c36f4a5,1,1,1
3540c806-377b-47da-aebf-2d9270c5d6f0,1,1,1
6f60f3e2-125a-4117-8662-70498ee5de70,1,1,1
1ce9a91c-246c-45e6-a7e7-7398984e7555,1,1,1
fa28f0c7-912f-482f-9971-956d4773dcd6,1,1,0
30b4a18c-369e-4b0c-afd5-fa87405dba70,1,1,1
45e35f24-0c45-45f1-973a-28e0fd2b9af8,1,1,1
3b98e1f4-ba70-4725-b11a-956c37806a1f,1,1,1
b2ecd5c5-1bf7-484c-82f3-2d119e9ebf4d,1,1,1
6207c40d-d596-471b-9054-8492ee10dffa,1,1,1
822a9014-1681-4aa1-9a9e-abaf3c885132,1,1,1
7473a996-a458-40eb-a0c0-54409b68a21e,1,1,0
aed02ef9-9cb8-4734-a71e-c0fbebc9135f,1,1,1
a9081589-81fb-4d37-85f9-16a897d496af,1,1,1
a3a78538-65b1-469e-a8e4-7468f3b10b67,1,1,1
1146e667-76cf-4751-8b98-64f9d1d9dfbc,1,1,0
404ab3b4-92fe-4394-8a5a-a86d45a0189d,1,1,1
7ad484cb-23ef-4075-aaf8-ccd4e7d5b294,1,1,1
9d956c87-b0e0-47c6-b322-3793ffe60341,1,1,1
ae708e85-a52e-442b-8307-9dc74c128b63,1,1,1
0077d9c7-0f73-4768-9938-e5b7f6058219,1,1,1
39c4bb89-193b-4642-824a-843e9dfa1750,1,1,1
de9226ca-ccfa-4cdd-9d3d-53324d84551a,1,1,1
d0ed3ce5-0110-4507-bdf6-ccc7cb5c9115,1,1,0
348adeb6-ebeb-4ecf-9624-fee81cb7ebe2,1,1,1
14708696-486a-422f-98c7-ba89c62f2c7a,1,1,1
155eeb15-107a-4de3-8d35-5c4eee5ef622,1,1,0
da57e02f-f16a-4233-a70e-867e08953a28,1,1,0
a0605c08-a40f-4c43-9d28-2a4c15b5361e,1,1,1
226dcfd6-1ae4-40ba-98a7-05712e75b653,0,1,1
1ae5843d-231c-4326-a3ba-59ef856860c5,1,1,1
1a9ab3b4-808a-4546-acc0-565fb2e68af3,1,1,1
021cd1aa-34a2-47af-a801-54b82072459b,1,1,1
9fc950bb-d2df-48e2-9402-59f396cb0045,1,1,1
564bde80-20cc-4675-b2fd-761a5255b83c,1,1,0
abff6415-9803-4d17-aca9-3cbae447d4c6,1,1,1
34354836-b7b3-49cd-8c3c-75215d024912,1,1,1
e6b4b0ef-ba1d-4b65-a18a-3e9b843475ed,1,1,0
94f18b11-00f6-455c-8501-d6235418c84e,1,1,0
836124bb-0d6d-4c3b-a3ff-c1ddc9057531,1,1,1
889371d6-53f0-4149-8e18-653f3ab8a3bc,1,1,0
525a70a8-6b46-4a44-ad14-506b2978a48d,1,1,0
66836fe2-6e64-4b58-8c26-04a5499af457,1,1,1
3ab36ecb-c590-4de6-a0e2-55e35391f348,1,1,1
01e2de77-2fc2-4536-be79-cdcc61c5ae40,1,1,1
1f4f1ba8-3caf-4128-85a2-a85d2aa60b7d,1,1,1
c738e83d-c752-402b-aea6-b32631b5b466,1,1,1
a5a6bfb8-a57d-4d63-84d6-7a17284ffe0e,1,1,1
bfb96733-5e82-4bfd-8b4d-885956c46c02,1,1,0
012a4ec1-b16f-45fd-bd1a-62375bd69d71,1,1,1
7a5c2cbf-f78c-452e-9838-00afd5028092,1,1,1
620467da-d430-4d6f-a1e7-79538b6ffac2,1,1,1
9ea38e6a-badc-4bb7-8218-f5225a8174d7,1,1,0
e0fed7e4-03e9-4db6-8e00-b07a45da9264,1,1,1
09341cb9-942d-4e48-9b5e-18ed53397ab2,1,1,1
5e1c279a-f6ec-442d-8790-bbe1663feb42,1,1,1
87ec5e3f-f57a-4ca2-886b-0ff606626f92,1,1,1
1b68ab50-0ba7-49f8-9052-7f0028e9cc3b,1,1,1
f77a015b-baac-4374-afd6-9a9dced83712,1,1,1
aa0d036a-17fe-47d3-aa3b-810e2f184143,1,1,1
aead4747-6d08-4391-8fcb-a3c016a7090c,1,1,1
1576159a-060d-4484-889f-717b69677448,1,1,1
3b0653a1-ddf2-4ac9-b94b-9b9eeba64cd0,1,1,1
be761f46-321f-4d6f-970c-cd334f505da8,1,1,1
3849b9cf-2148-474a-b625-00f341aabecc,1,1,1
c682e81a-f246-4234-a251-8e08399a36a3,1,1,1
fd4301f8-fc41-4a74-83e7-9ff8045c4b1c,1,1,0
f805cd05-ba2e-4297-b1fa-8cc4a02d1b4c,1,1,1
de68a06d-1972-4939-809d-6157750cb934,1,1,1
2294b951-2f77-4a97-b59b-bc8733a99e78,1,1,0
5371c339-4bdc-46d3-936b-5ecf9e51b218,1,1,0
6e71adb7-27e0-47bc-ac71-845e64040699,1,1,1
a897e4aa-b86d-494d-b617-7b99ae614b19,1,1,0
6026f810-83e5-4bd7-8f39-e75f84aa2cf0,1,1,1
eec17bb9-2975-461f-9865-05b7a1fde64d,1,1,1
e383a625-64f0-44f8-b0e4-130eb9e52594,1,1,0
0c054030-b951-4844-88ea-b41d0f4213e3,1,1,1
05eddf15-8cd3-4cc6-a329-871e164407e2,1,1,1
423e1219-30a6-4d90-9b2f-a9fbe77a75a3,1,1,0
4bd5a4f2-2ddf-4aa1-b5ad-f88d84a8d2d4,1,1,1
b3f2f880-62b0-4842-87ae-5dff96f3d875,1,1,1
0a23fe81-e413-4aee-9f59-7d6ea8840530,1,1,1
ac7ce6c9-12cb-461b-a731-c4c9a6191a7f,1,1,1
1d5b8b92-f0b0-45bc-a1bf-a0c2491982f2,1,1,1
0f55263e-c046-460f-8869-f1beb2ccf731,1,1,1
47dbaca6-71a0-4eaf-b8c3-ab158bae66cd,1,1,1
1fd043b5-896f-4e00-ab76-8dbf3d376232,1,1,1
c99874f8-20ad-4eee-97ce-29be1fea170c,1,1,1
62a18464-37af-47dc-8232-1ea094ab56f0,1,1,1
549d4cb0-4433-4c7e-a9c5-c92477c9dd52,1,1,1
46863586-dfae-47ba-baaa-55f66b3f3ff4,1,1,1
0996500b-cb1f-4384-ae0b-e632ed04660b,1,1,1
b067c41d-3cde-4305-ab67-465743af265d,0,1,1
c1bac073-84ed-41ae-86d8-5b50f1cebcf8,1,1,1
18c82a47-6a6f-4e6c-bec2-268225c709bd,1,1,1
70f8b7d6-4574-4da7-b2cb-d212b8d000ba,1,1,1
ea15324a-30c4-4919-9c6e-251b9604f3fe,1,1,1
e7380c89-560d-46d5-b79d-1edec0700dbd,1,1,0
8a6619a9-5152-454a-a9a8-72593d2ba379,1,1,1
c9932688-60ba-4662-b295-0a6fc37caff0,1,1,1
d24c1d0f-3e8f-4656-abe1-39f579d74323,1,1,1
43a8404f-70e0-46f6-815c-20a9dd8713fa,1,1,1
9f21602f-ce34-4712-8418-08ca8e8186d0,1,1,1
6190a437-b41c-4b61-8d55-b053e87d702b,1,1,1
e0861961-4dfe-44ab-bf17-215bd23eef44,1,1,1
1476a723-b802-4d13-bebe-b1630a8a19c3,1,1,0
550a6bc8-26eb-4ebf-9734-0386255d2ba8,1,1,1
98740c54-c5a8-4682-9b07-23a51c7aa11e,1,1,1
6b9864f7-49ca-4312-a6f1-261839ff06aa,1,1,0
36331ca7-fd2d-4793-84f6-e9cfea449e0f,1,1,0
c368a718-0d81-4695-84c9-927620fc5281,1,1,0
9dbd8e70-8b79-4566-a043-77c2118e6b21,1,1,1
7563d179-dc9b-4b83-91f1-eb9af0423b76,1,1,1
b321230d-75c2-4888-aa85-b49d57858838,1,1,1
564a42b0-41b9-4f73-8d10-c73f028775ce,1,1,0
0e36d680-a4dc-4ce6-af03-5169ffa11659,1,1,0
44f552d9-998e-4a7b-8464-dcc8f6cee8db,1,1,1
c08daa91-6192-4963-b0ed-9ea9f1fa1846,1,1,1
030885b5-f360-4650-a6d6-6136a974e2b7,1,1,1
4ea681e2-5eb3-4bac-8736-e4f70bf69097,1,1,1
c733f534-0880-48a3-9c08-712d00cb20cf,1,1,1
3361b96e-a869-4fa7-94e3-ede3ecd59d86,1,1,1
0aba32f1-855a-413e-8cb0-10509b3369ee,1,1,1
7c0a83ec-67d7-4ebe-bb1f-e1ed021dba1c,1,1,0
c9df0757-75f5-4edd-961a-1fccfcf8782d,1,1,1
d3621175-fac0-4192-a2eb-3d98322b12e7,1,1,1
76374e57-8f94-4c0c-b165-95688c3a27a2,1,1,1
6289b890-7f52-4f50-bc4f-7529b0601696,1,1,1
864687a0-b472-4eea-b40f-65aabe5434ef,1,1,1
956080ce-dfc9-4557-86bf-aeb5dc06bf51,1,1,1
0f5503e8-4950-4175-a993-69290d693892,1,1,0
fd5c04d7-e496-4b8c-adc6-09e6ad5fbbaa,1,1,0
a628c528-b836-48ce-8513-ecd7dfffa8bd,1,1,1
51d6af36-0ac2-40ef-9577-10ade9e5161d,1,1,1
47d92845-3074-4b52-9af8-79cb96a08ddb,1,1,1
ad52d1ac-bd8e-4fb9-937b-e589ef3c53f3,1,1,0
32be10a5-7816-4f50-8d8c-72366ab17a4e,1,1,1
edfa42e9-28f6-4a53-a6eb-304cd74063d9,1,1,0
ad9f41f2-08e6-409d-be77-3944d4ac89fd,1,1,1
146a86b4-d14a-4246-8c96-578d3952bcec,1,1,1
ba3cf61f-fd1f-446f-a07a-6d6b1acc8d44,1,1,1
7e1a75b3-89f3-4152-b9f0-64b2d9f679e2,1,1,1
9d4d6af3-a413-456c-bdf1-37dfc6a61ee7,1,1,1
97d57945-6465-4e82-b392-42a6ad66ad31,1,1,0
0e8bad48-e90d-4da6-8abf-bc45f9cd0450,1,1,1
2302f834-3814-463e-99d6-26c4e2c193b4,1,1,0
2009c330-6570-465c-abf9-41963489ef9d,1,1,0
5c582762-24ed-43c9-a9fb-7c4c8d24f088,1,1,1
2585c5a8-81f1-482b-b5d8-beeb6955046a,1,1,1
0713d881-7d19-45ea-a8e9-13ca7f3b5da1,1,1,1
046caa7a-44bb-412d-8b5f-c8b851fc5559,1,1,1
fb48d192-8fc2-494e-a1fc-9dfd4661c704,1,1,1
e6a038ef-6878-45e7-8f7b-6ccb832c76a8,1,1,1
6854e14e-6709-4b8a-9cea-0d920a326c1b,1,1,1
47dd22e1-001a-4caf-a216-18f8d78b24e2,1,1,1
d37dacfb-0503-4afd-a0f8-77a0dbdf2e97,1,1,1
5862dfba-5fd3-49ce-a977-54889a622679,1,1,1
339e9d22-1606-4a07-a79b-f661ca1d30fe,1,1,1
6d18995e-c2ce-4611-b82d-b3602f0b4343,1,1,0
713c22c5-9cce-4a88-a87c-98e6ba78e371,1,1,1
a3fcaa96-08bd-44da-881c-1d538f7c30ca,1,1,0
95de679a-5a35-4f93-bbaa-6d188a3f123c,1,1,1
9f139772-218d-40e9-9d86-d6ac30542a51,1,1,1
c2c9c5b5-d0f1-47d3-872e-8882552b00b8,1,1,1
5de827b1-6371-4a11-8787-081aad17e3d0,1,1,1
09e9e074-d699-4586-8bec-d34b1025ba6f,1,1,1
f76449fe-6e1c-4af2-9398-b38c30ff06d0,1,1,1
49164063-612a-41c4-aaa7-17bdc4178cd9,1,1,1
bbf443b0-e586-4983-9bae-0c4fc94ec77f,1,1,1
9f5bd988-4f8d-4ba6-a962-dbe106f2c91e,1,1,1
6d80acc2-96c4-42b9-ba90-185c791c3fce,1,1,1
dba9e63c-b39c-4f19-886e-0f9f74529603,1,1,1
e80c62f5-ee62-48b8-8068-17793b47ff26,1,1,1
fef105a5-2767-4400-92ca-8970b582a23f,1,1,1
d7deb20e-6e13-466c-9b01-94f27a5cd105,1,1,0
1b9a680a-7981-4716-90d6-e2b97e5e0d44,1,1,1
bdb09d6f-eba9-4f7b-bcca-9ea700ee6e05,1,1,1
3eb38af4-b744-4835-9537-9a2a48348ede,1,1,1
dc686895-b6a0-469e-bf41-11f4fd321fb5,1,1,0
046e3a37-eda8-4ad9-89fe-21873078b490,1,1,1
fe492517-1f2c-470c-a713-927851a2881b,1,1,0
f793364f-4a76-41ea-b683-63053fa287ce,1,1,0
dac345e5-4ab6-43ab-94c5-e2e931353e9e,1,1,1
b808921e-ffca-4a30-83dc-3959eb9bb3a5,1,1,0
6d225650-6a41-4daf-9b59-e376347b7a0f,1,1,1
1dd029ff-e73b-49c9-a063-f18d3b85113d,1,1,1
5eb96da1-a575-4863-acde-3093116ecf95,0,1,0
7925b902-8e85-46f8-b515-b83ee021771d,1,1,1
77560bc7-cf2f-41dc-8eff-ca9b56b01b91,1,1,1
c22a7420-378d-40b5-8a9c-d03069168e6e,1,1,1
8c886765-e36e-4ac3-aaea-b039d54fc81d,1,1,0
951d7c63-4959-4344-82d9-932994b98e01,1,1,1
9c6e6b8b-d697-4c8f-95de-c8412a708066,1,1,1
f0e2fbaf-ad3d-41ec-addc-db874af014b2,1,1,1
dcbd79b8-9fb2-4b45-b138-204f62aa13ba,1,1,1
d5b15214-b7ac-4fc2-a8e8-b7cc7c735504,1,1,0
00f46916-34d3-44a2-a2b3-42361c9379de,1,1,1
6bfe5abf-6889-4b9e-8eb0-b318cfc63617,1,1,1
2813b036-539f-4978-a3b4-553417f728a0,1,1,1
08eae90e-b4e1-4b5e-a1e6-f3368bf354df,1,1,0
aa5d7f5d-ed4d-40ac-890e-232f9644d0a0,1,1,1
8eec6d5a-2a99-4f52-832b-d144b1982945,1,1,1
da45ff24-6f1f-476d-b26c-3eaea06e1c39,1,1,1
9610b0dc-8f62-400f-b57c-f26cc7b8dce5,1,1,1
8ce8afa7-c51b-4e5d-9a07-2c6e354bacf1,1,1,1
c3b845ad-16de-4f07-9bf7-29d318cdb4de,1,1,0
1542111f-3cd2-4596-aca3-19b99e6d3283,1,1,1
edc56be1-99c2-44fa-b5ec-08698c156221,1,1,1
fa960d2d-3898-42f8-b967-a673e07e0bc1,1,1,1
d3517ac2-a3bb-4011-a4cd-5781193db48e,1,1,0
213d5b9f-b28f-47e9-856d-c8b9f10800bd,1,1,1
5d2e2e71-f5a6-454b-bb8f-979786db50d8,1,1,1
fd3f9aeb-d3b7-4991-b2ae-224130cb24ed,1,1,1
434b746e-55e0-4a33-b84a-0ee8a2463b66,1,1,1
ed4a21a6-e1eb-435b-be8d-f7d440273823,1,1,0
29068459-b9ff-44bd-a7d4-947a2d8698f0,1,1,1
2fa9ca1c-c089-474d-ab48-b87dda3475b0,1,1,1
37f86ece-e5df-4ea7-97cd-dbc1c9c116a2,1,1,1
46064b29-8105-47cb-bd0f-3ce3d1e0fd52,1,1,1
f76c16bb-4c35-4bcc-9ac7-4c7b76c67df2,1,1,1
c0e55989-52a8-4fcf-ac5b-28ca98b023b5,1,1,0
7240b1af-eee4-405f-b183-d89253192994,1,1,0
5f111b52-044d-4f98-9ec1-3e8fff075ace,1,1,1
0e897e50-4692-4d47-bffc-0191dece31de,1,1,0
edb276c5-90aa-4f0d-b609-f2672f929bf6,1,1,1
e7d07f4d-b555-4a2b-8ded-7c9f149f47a6,1,1,1
d7e76e53-46a2-4fdd-b937-70dba2ecf505,1,1,1
93f48221-695b-456d-a01c-7e8bc6e2f85f,1,1,1
d9229a1b-a1b7-45de-960a-5aeb72b98a75,0,1,0
94b74bb0-0efc-411a-b53b-dbb7a61750ae,1,1,0
68a3055c-1c4f-4c75-86d4-38f7027e93c9,1,1,1
7889b58b-598c-4997-ace1-9e44da436219,1,1,0
efa858b8-f7e2-470e-a7e2-33fde64b85fe,1,1,1
b713eb8d-14c6-4fe0-be2d-c580ee0b4153,1,1,0
f714dcca-af68-4aa9-aec8-cb0d6f87d01d,1,1,1
6b6f9ce9-eddf-41df-9e7a-03a14b23d39d,1,1,0
bb2c61d9-48d3-4a71-917d-68b21b4a9872,1,1,1
13573db4-61e9-4868-b8d9-013e8d9512d9,1,1,1
9d731a2e-69a5-4d11-beb4-d1dad24697fb,1,1,1
3c1231c4-bfb0-406c-a2d6-0da9031738cd,1,1,1
54a5b5b6-38bd-410e-a1e3-7fd740f2e5b1,1,1,1
eae30f87-27bb-4234-af30-0cab8afeb1f7,1,1,1
372a915e-2d7b-4dae-b1d8-af01c8d5c782,0,1,1
d9393cc7-d534-4b93-8587-6ea218bcfce0,1,1,1
1cc99e1d-b3e9-4c20-9677-9afab0ce1dab,1,1,1
52d2c977-f7ec-4ae8-b130-f770052673df,1,1,1
541d8972-3e65-49b0-b0be-84804bfbedac,1,1,1
d9039e3c-a405-4916-a614-144b7e808817,1,1,0
f8314506-0056-467f-938d-7c4df0765133,1,1,1
6633ddf8-80b6-4c6a-8917-1f9454b4a3b3,1,1,1
90f87489-cede-468f-836e-eaa68c6f8189,1,1,1
5a0b38b3-ce69-4cae-93d1-cab9eeeac862,1,1,1
8c6408d5-251f-4446-820b-78fe105e8c69,1,1,1
8729238b-24fe-4511-80a2-1832da67b2fe,1,1,1
46e9aaae-a118-4723-abcd-29cbc53a861a,1,1,1
09c85620-40b6-4f90-9c03-6049ecb1bed9,1,1,1
6d4ef1ee-57d3-404d-bb65-a6b9ccb9e766,1,1,0
8b2aab20-b677-4b7a-9f4d-9ae2392f5933,1,1,1
064100e8-9cb5-4b1c-9eea-607a994c893a,1,1,0
34218fef-4440-4d0b-9faf-817049e4c699,1,1,0
ff7f70e5-81ab-4b75-a708-8b50ff93c70c,1,1,0
56a3b52b-7791-49b4-a9af-9f9a921d5bdf,1,1,0
c7d1dd2c-1640-4cda-8eb9-01c0906a0dab,1,1,1
2d6b9ffc-7070-49a1-ac5e-6f0d1297db22,1,1,1
6bc622bf-d093-491e-9ef2-aea589394c6c,0,1,1
d3e29cdf-860f-496f-8716-089693bb0ed1,1,1,0
0974863e-88c6-4792-b515-9e4e823a0935,1,1,0
17cc8192-ab01-411b-bd77-1de94c2f5d81,1,1,1
eb51f336-6dda-46b8-bba2-48345f28c0b6,1,1,1
dbdb1e99-871f-43f7-9342-bc39d1941d20,1,1,1
e96f4fee-85d5-4328-9688-7f15f497c2f2,1,1,0
a2cb9c9b-82d9-4218-b019-f0c3f05d2744,1,1,1
e38a1812-a2c9-46ca-9d55-deb0e48ec260,1,1,1
66b814a1-8428-4da9-b995-0df61959aeda,1,1,1
da60c43b-e09c-45bb-b235-0b9a4a8e25d6,1,1,1
de6bccfa-beed-4dda-9b75-89641382c188,1,1,1
3d679f25-6b8e-4096-958b-2c8b02288591,1,1,1
110fc0ed-0d35-4aee-bb25-0f11c3851693,1,1,1
c32aaebc-0a91-4667-95fe-2f7596807690,1,1,1
15731783-c43e-4b35-be62-bf1599ad1174,1,1,1
e954ad6b-5058-4134-8eb3-62a314c039c5,1,1,1
bd23dc13-67ba-4a8d-8624-2fdaec8729c4,1,1,1
cd698e36-6f7b-4aee-aafa-44e980f35aa3,1,1,1
9dbb0f6d-6166-44d1-875b-730a6a05ebfd,1,1,1
5f38b5e1-c260-487f-afd3-246df4dc445f,1,1,0
f78e7598-5202-4134-b21f-476bd4da2409,1,1,1
e3228ce2-9636-457f-bbfc-0b5aecf59221,1,1,0
020b4e68-4242-4141-9d17-7deb9539f42e,1,1,0
a991252b-e0b4-49a0-ae2b-26d850c6c6c9,1,1,1
8e9d23a5-3747-45a3-9efa-3371cd6f9ee9,1,1,1
76c9b568-6753-40b7-bb4c-0fabd8600ed2,1,1,1
6ff85ab7-23d5-4794-86ff-2acec757d697,1,1,1
a98942e7-8117-4eba-8fd0-9962ead75a80,1,1,1
bedac70b-a1b1-41b9-8b5b-679b38ba6a29,1,1,1
4a7384c8-f4bc-4fb4-bc9e-3d4c1d3de14a,1,1,0
52f95b71-64b1-4aa5-9242-0a68c6e8bdf6,1,1,1
e3d5b946-3c51-4fcc-9d12-99a9824df8b0,1,1,1
b961d5c5-b30d-4508-b907-90889dd02328,1,1,1
ffb47154-46f7-4e89-8ce1-77430c069ecf,1,1,1
8b28b1bb-174f-474d-9716-5dcc9f790b5e,1,1,1
2fa7cebc-ba31-43df-b505-5e146f109e5b,1,1,0
f5b221ac-1b45-4198-8a61-e03d29a1f089,1,1,0
708d2e22-f53a-4155-ae46-594e85635c1d,1,1,1
75fbbe5f-7057-43ef-bb3c-80a11360f329,1,1,1
915fd213-1fe1-4ea1-b438-816d9b9eb7fb,1,1,1
bc988ae2-16f1-4348-805f-2e5bdf0cf179,1,1,1
823a6cb3-39aa-4552-8fb8-87bb6cd05a2d,1,1,1
2dc29a4a-3487-4032-9a96-ce050c3a123e,1,1,1
b411b685-d60a-480a-9140-05cd18379980,1,1,1
b60d6234-0d70-4294-93b5-b0d09a9f43ad,1,1,1
0c39a76a-dd47-4235-85d6-b49cd355d94d,1,1,1
04c78e53-1ff8-418c-bf3f-9c9921466a4c,1,1,1
30af2bdd-8073-49b8-a67b-c9ceed08b659,1,1,0
2952e513-aa22-4674-bff6-ee13991e1157,1,1,0
bd2c24f4-70f5-4a21-9dc7-63432e10f8be,1,1,1
70d3d47f-cecd-4681-8b17-ce0ceb496231,1,1,1
e476a9d3-11c5-405e-9eef-f6cbfd6a1912,1,1,0
3fcca022-a61b-4378-9e05-4c2290e17c27,1,1,1
c4e0a8bf-0aae-499d-95d8-aa5153836e7e,1,1,1
b42a97a6-064f-4ce0-9f89-c7053937f436,1,1,1
02f39c6c-0efc-46d0-a8ac-5c00e024c872,1,1,1
d227fc10-89e6-46e6-b9e8-2e5f25daaff5,1,1,1
f7e48f07-9980-453d-b31e-0f4d7c87e94e,1,1,1
27a9d927-6e11-4820-b2ff-8084b8255022,1,1,1
22a56ea4-08d5-4738-aad1-98b8883ff025,1,1,0
65943e91-8362-46b0-9d03-4a921c70e216,1,1,1
f6482da4-430f-45b9-9b6a-ec99105df33e,1,1,1
771ad439-6e0d-4d66-96d6-97ab606d3c31,1,1,1
38d74592-a2d8-4f79-a97e-c051c2ad80c5,1,1,1
60db5911-3262-4bb9-a369-dfd6f4050529,1,1,0
a5d67512-63c1-47af-8ab7-7f5862ba72b5,1,1,0
164e8c07-25bf-4d40-9bcd-493054bba33a,1,1,1
6cf5d2b3-e1b4-47fb-8bb3-a40905333ff3,1,1,1
d4353bf7-ed24-44cb-833a-c7f19b6157d9,1,1,1
cc96024a-eb10-4495-8879-db24c2ac4253,1,1,1
760af9a2-d54a-4605-b70a-79bb5181f9c9,1,1,1
077dc409-b099-4a75-9d4e-80bfd9275289,1,1,1
f505d32f-3880-4909-a78c-9bd19f9e514e,1,1,1
15b34cc8-41e5-4f3b-bc75-4bb3e49795d8,1,1,1
b1b517f6-2437-4158-8c4b-9b81f1ab8ce6,1,1,1
04783282-160d-4bdd-b275-947c26ca8616,1,1,1
37208df4-4dcb-4f00-a76f-727cd236e9bc,1,1,1
4f08be5f-b56b-467b-b699-4db46e91752e,1,1,1
614aac55-24c8-4010-ba29-cd064542eebd,1,1,1
2a4f828c-ef10-47e4-b5ea-f3226e868636,1,1,1
a7ddac1c-1dc6-4ae9-b948-1a1dbff9ee4b,1,1,0
78cd6669-a0b8-459e-8280-8445281cbb26,1,1,1
7e5152fb-ad97-450c-9430-fec448289c9f,1,1,1
89996e5e-e0b2-4ed5-be1d-302ef7983f42,1,1,1
39deaede-0ad0-42f8-9547-ec347b1099f4,1,1,0
baf7d805-07a6-4671-8551-2be8218d788e,1,1,0
1abbb421-0eaa-480d-9382-4deaffa566aa,1,1,1
1c5599c1-2fae-4dd0-9733-09758a2db578,1,1,0
1fe3d655-22e9-48bd-b99e-4ffb86586908,0,1,0
84c28383-3077-4502-922c-7acc79699e2c,1,1,0
4e893242-987a-4502-bb5a-b427d35a34c9,1,1,0
08b729c6-10b3-4ce2-ac2f-3b57132879e6,1,1,1
c70ecab7-7f02-49f4-99af-79adfbbea09b,1,1,1
8105cd6e-3faf-4b77-8531-a4c2176c64be,1,1,0
f464780d-9fde-4a0f-9137-f36ea56e0a04,1,1,0
c9bb8fba-9655-4599-a02c-2d08eb50021a,1,1,0
62233149-8ab3-4313-8921-526894cca43e,1,1,0
85b2d88d-4b53-43eb-ba53-49f9ae857531,1,1,1
d86a0e5c-1532-4830-bdb0-bdb5a4d4af8a,1,1,0
09d71e32-a9ce-4f5e-bc0a-12866656dfa0,1,1,1
22f2e055-b6be-4ea8-9f41-0f554a601e3a,1,1,1
cccb1d70-e540-4cfa-b858-508a701f22c3,1,1,1
a92a2d86-d318-4f71-ab90-3ee0e4ed42d4,1,1,0
3034b672-507c-4149-b39c-cf0412224646,1,1,1
1e70581b-0b86-4d61-8f47-0ae1aa0471fd,1,1,1
48871afb-b4c4-4401-afbe-b327b23f7e16,1,1,1
87686048-0dd5-42c8-98e2-ac6e2bc88415,1,1,1
d1a1f46b-36a1-436e-a95a-cd4496347c11,1,1,0
9bdd0935-2a69-41f9-878f-9aacc3fda5b1,1,1,1
69f509ab-4881-4f96-8aaf-1f2c20facf83,1,1,1
a42ffe87-5a1e-4b7d-81a5-9a9e0345b593,1,1,1
db09bbf9-4c1a-45ce-a236-3692239b7eb3,1,1,0
e0aa6854-cf6b-42c5-af6e-fea90f971156,1,1,0
7828fb5e-4f3e-45d2-a44a-855fee46858f,1,1,1
0bcc3f13-4556-47c8-a4e0-262b9dfb815f,1,1,0
1fb1298b-c077-4762-937e-cf845d46e712,1,1,1
c92d2ce9-95c5-4170-a3aa-7b274f61c859,0,1,1
d86a05a3-2f3f-4597-b75b-b77809dc326d,1,1,0
f390c39e-2b92-42ca-9954-0811a0d9c6dd,1,1,1
045842ad-c225-43c7-821e-64cfca5a4462,1,1,0
9f612dc2-0a3f-48b1-aee3-5111b9382a3e,1,1,0
9b6faa78-a186-4c94-9682-caa806bb5653,1,1,1
a027f2ac-b39d-46c9-8280-170ffd2ad318,1,1,1
3c0ca21c-4978-4b41-8552-09c6a85ce52d,1,1,1
4834ff81-3bb4-4c6b-a9b6-affe644dfe99,1,1,1
f10f767d-58d2-40bb-b1a0-7443e4886fca,1,1,1
324d51cc-21de-4604-8b81-1a7ebbd79ba6,1,1,1
2a042e6a-86f3-444b-b70c-3746dc1e8115,1,1,0
96dac929-e14f-4ea6-992e-4507b2ba77c9,1,1,1
3ef496ec-e009-4211-a212-1983d73af6e9,1,1,1
5fdd1d9f-ee98-43b8-baec-ef5a7023df4d,1,1,1
37b8fe71-9fef-436a-9de6-d17967d727e8,1,1,1
02c86edf-b2bc-4f39-b1af-c402b1bf860c,1,1,1
4b23b85b-a347-4995-9aea-f982e5c41c32,1,1,0
fdab9930-76c1-4ba5-bea6-365cbdf531ca,1,1,0
acc0a123-f6dd-4300-9f2b-ba0dfcc6615b,1,1,1
87f71b10-2767-42bc-bfa1-48032b1fdb63,1,1,1
c40b85d1-6e58-4f7f-86df-7b77beb3eb29,1,1,1
3234aa52-1e41-483f-9010-781b96cd061c,1,1,1
8244593e-a6dd-4faa-9213-986a4a7cc9b8,1,1,0
a2698b16-34fb-4128-95ec-30eee6e9b66f,1,1,1
4699b50e-3088-4cea-9654-f5151096fb4d,1,1,1
236c8e23-c608-41f2-bce8-4736c354d7b7,1,1,1
6a25c85a-9eb9-4d2c-8efa-2393c63665af,1,1,1
391df640-79e9-4a43-b89f-03ab31e3567f,1,1,1
a86f7cff-135b-4148-804f-56dee76a249e,1,1,1
d1a610bf-09d7-49b6-a493-904fc59274ae,1,1,1
b9c90525-690f-4961-aede-931b01ff3d1b,1,1,0
96b70b68-79ac-4eb8-b0b6-7d4b11385882,1,1,0
5ec6b84b-9090-48e3-9d7a-b4992c8823ba,1,1,0
6052ba0d-562e-4344-b3b3-540a8b0c0c77,1,1,1
0788b1d7-afe6-454c-922d-570d723134f8,1,1,1
c2209d39-b12d-4dc6-a031-7beed2d9c0d7,1,1,1
c3ac8ed1-87ef-4f0b-a04c-b2422bdc44f7,1,1,0
787de66a-43ae-4b77-8586-f1d8bd9662ee,1,1,1
e4ae979c-5e93-446c-ad31-62cef81df692,1,1,1
ff1fe2a3-95e2-4ea1-a8aa-e8f9859950a4,1,1,0
dd4df7f7-13d2-4455-9c08-371743d1147c,1,1,1
cc0921cf-e0cf-41a6-82d3-2eebaed2d2ab,1,1,1
46c97ae3-876f-485f-aade-55a5eb74ba09,1,1,0
b5cd02e1-b388-4063-9bf1-08e2124d8cdc,1,1,0
0467b27d-86aa-40a3-8388-94eaeca5d178,1,1,1
384eb413-07fa-4ea2-b775-83e3e33454bf,1,1,0
416aebd5-5d82-4cab-93cb-e9fdca7fedee,1,1,1
d7ce709a-3e82-4c56-84e4-961d0489ffb4,1,1,1
8e3046d3-17f2-4497-af45-16c7f86ddf76,1,1,1
52a0ab64-8967-4c4a-b9dc-d340754c2db5,1,1,1
33a45332-8614-4b15-9346-dff90e346a1b,1,1,0
54ff36de-bc6c-4ea3-9d5f-f6b41b530e85,1,1,1
d277bf29-80b8-4fc6-b036-f441252ecc2d,1,1,1
2c9c2c72-e8d9-4a1b-b2f7-8eb51828c1bd,1,1,1
8ce9880d-1d1e-4eb4-b59c-7c2f8be50281,1,1,1
fc4a34e7-1c79-459b-869a-07a60cdcb315,1,1,1
a969f859-0396-479c-a043-35cd8be863fc,1,1,0
656541fd-151a-4285-9d07-9c624dfaa0b1,1,1,1
45fc9b0c-c54a-49c0-980a-c259f7a2f546,1,1,1
c950e388-2fc3-40d4-99c1-2c1bbcf2977b,1,1,1
6666c2f0-bc01-4b23-b60b-116d2808396f,1,1,0
8a2e9810-a5a7-42f1-8588-3f63bb906798,1,1,1
9c8b1cde-5fdc-41e3-9955-537d595286e4,1,1,1
00258ff4-3bae-4e48-9fb4-4bfd20f03729,1,1,1
2ca5555d-ac04-4a2a-b7e4-3223141cb2f4,1,1,0
b79411de-e456-4ff4-bd5c-8415a7781847,1,1,1
c952b527-1b68-424b-a7ad-e883a815d535,1,1,1
1a3901c2-ae8b-4031-ab6d-877ee3999d14,1,1,1
8ee396c9-a7dc-4528-8328-59167b7a3e88,1,1,0
c605a4e8-1162-4834-a520-244b7db2cfe8,1,1,0
f1658c83-fc35-41ce-a993-36aaf8186480,1,1,1
147b31c2-321a-49b4-969a-f03c16beb2e4,1,1,1
19ec3735-3388-49f4-8195-edaba8e345a4,1,1,1
14526be0-cef2-4049-9866-f194f13d6e76,1,1,1
11e94150-4887-4fc6-ac9c-ddf2bd77f1a0,1,1,1
75f8379c-d659-4f4d-96d0-9c439e406c48,1,1,1
8efbfdaf-20f3-4a5e-bcc8-9010b0526f27,1,1,1
7ff6606a-2e8e-4a51-9c94-85d725d41211,0,1,0
e4a2af3e-d579-4b3f-9e6b-d521ef880c72,1,1,1
6879d669-cd7a-4691-919e-1e325ae01aa1,1,1,1
386fec9c-9050-4747-9649-9874857b8ac3,1,1,1
c286e0cd-0ead-4f9d-971c-52e18bd1e833,1,1,1
68b4fb9d-4705-4acd-b3a5-290390cf5bd7,1,1,0
c9aa6a9b-1cd0-425f-b037-c77b37b4bb19,1,1,0
a38dc549-dcd7-48cc-8ae6-e170dc09024d,1,1,1
4b79f3dd-b1ef-42d9-a19a-4ca74739d4dc,1,1,1
c15a7362-d198-4a81-97a2-5152f1d2cfb7,1,1,1
7e6d88e4-49cf-4888-aab7-14d53e6d925d,1,1,1
607a28b1-256e-4794-b8fe-4b31daf5135d,0,1,0
0711deae-e264-4037-ba87-ae77c6153b93,1,1,1
2a550294-0dc0-488c-a094-e6432fabfc90,1,1,1
8a33394d-740b-4324-b1a8-9c72e1e8748f,1,1,1
b2fa8312-e829-4c2f-9286-27e70f7154ba,1,1,1
8fcb2bec-e3bf-4d5e-b4a9-1e5ac7f6e623,1,1,1
1e9c83e6-c902-43b5-96c2-7b2bbb4b771d,1,1,0
dff7a442-bcad-445f-a1e2-b18147f3a6a6,1,1,1
d3c2524a-d003-4401-870b-a3b63d04996a,1,1,1
435c52dd-cc92-410a-80c4-740304b1e4b4,1,1,0
619dda4d-6e28-40fb-a685-740cbfd21994,1,1,1
42850ac4-61f8-4714-a624-8d378f594a7f,1,1,1
e82ea6e1-ef20-4fdc-ae99-233cd18f6deb,1,1,0
df6ace43-f4ab-4574-81e5-64e7903b3d50,1,1,1
e66ec8f3-e775-412b-85d9-ca227067dd75,1,1,0
bc425fbf-e861-4a4e-b168-702adf56427a,1,1,1
bc2408bb-cdb1-49f8-86c6-2fab3a2491e3,1,1,1
5d37dcfa-5ceb-4969-b626-6bd3a8b6589f,1,1,1
90a62f2a-c1bd-41c3-b93b-39359396ef47,1,1,1
bbdb405d-7dd0-42bf-8aad-300afd39ce00,1,1,1
f9488b97-8b84-44a6-916b-3fddf84756c0,1,1,0
4e463886-2e04-4b08-a3e2-ea509ba1cf61,1,1,0
ad6c7899-4b7f-4ebd-b531-a8bd24ecb5be,1,1,1
8b76e2a8-16c8-4daf-a562-a604673423a6,1,1,0
2f1763d8-a800-4b54-8bca-fde75d0b700c,1,1,1
aaf207df-fc04-422e-9199-65739cc6e944,1,1,0
22240fda-d3de-41ae-b38a-35ce5ca2ced5,1,1,1
b1c14520-9e19-4284-9caa-0bcfea05ba24,1,1,1
2f8bc752-f745-440b-b865-9b9562871aea,1,1,1
b9136c38-6e90-4deb-95bf-549990a4eb4e,1,1,1
009a9dc0-9eb7-4f9b-b68f-ef7f29dd6265,1,1,0
7afb9cd0-7c92-4e37-b9a1-67b65ca2b2eb,1,1,1
92cf1305-ef91-4497-8ee7-e84b2e25b824,1,1,1
6c86186b-7eb6-4ad5-94fa-e52699716afb,1,1,1
ed9d3703-1e3f-42cd-b097-cd3d87405de0,1,1,0
ca3e551a-e590-429e-96cc-dfc97a76eb80,1,1,1
c083aeed-4891-42c7-83a8-baa363f4f383,1,1,1
23e80987-e03e-460a-a21a-fb0e29314c9f,0,1,1
599b450d-194c-4c16-abce-cb5c6304c5f2,1,1,1
93e5dc39-6fbe-4141-a867-f46982d6230a,1,1,0
1966ae6d-3c55-440b-be6a-cc416a7fee63,1,1,1
3b82905e-a6c7-4086-9065-7ad9bed6b245,1,1,1
c4781db5-1ebe-4c80-8827-67c99338f807,1,1,1
acefd8ae-8705-4580-832a-da32ab522d6b,1,1,1
c9182bf8-5a84-4289-9229-9b3c3f184c6c,1,1,1
2772718f-91f6-48e2-8d2b-624e5cf970fc,1,1,1
07a29d49-0fcf-4781-b90f-6f064f54bdc2,1,1,1
e09c6102-d03e-4011-adf7-b754b8a841af,1,1,0
150df100-0969-417f-a816-fb3da6593d87,1,1,1
36437e72-5bf8-4022-876a-fd996e2365da,1,1,0
7568795f-b8f4-42d1-a099-40992fd0d60c,1,1,1
993311d8-df78-4523-83e7-0baa50d09a4b,1,1,1
b989849d-fdc9-4d8a-83c5-f7517ac3996f,1,1,1
d25c2337-caa6-4564-88de-3fc2a17d2284,1,1,1
93fb0791-5e8d-40a3-afa6-12dc48fcf159,1,1,1
8a0aeca7-842a-4e36-8d9b-f3b716f74070,1,1,1
743f966c-0b4f-40e2-8a51-6d46328e857a,1,1,1
3b220367-c42a-4ca9-96c1-cb3a694d680a,1,1,0
8465693f-6dd1-484d-ac64-11cacfd1ddcc,1,1,0
ce3299c3-4e9b-44bd-bfac-3d5b4d87258e,1,1,0
42633c4d-4a22-4d0c-bc15-ccfebbaa3901,1,1,0
bee0d60a-223f-4f02-9073-cce969b538dc,1,1,1
ba36c36e-ba4a-4b79-9ded-700b2e9f1418,1,1,0
b0b6f55c-9465-44fc-8c44-20f4601a09b2,1,1,0
b431cd20-f112-458b-a9de-e0f688f5f55b,1,1,1
c8d70181-0e87-4c26-aac8-33533d194fb4,1,1,1
213255b9-ccf0-4df8-bd2a-29f2eaa66573,1,1,1
1e3efb21-da5a-451d-aace-8da9910e762f,1,1,1
2b1acf47-d3ee-42df-99c8-9add83793bb0,1,1,1
1b1d202b-2b95-47a8-b9c8-e5202f1663c5,1,1,1
f55b8f3a-c2a7-45ca-b37e-d2bc7ebbdbb3,1,1,1
286ee3c9-cdf4-4d60-b02e-07706c010427,1,1,1
28b587b4-14c2-47b7-9b06-5117e963a445,1,1,1
711817d9-6eb1-4ba0-ba58-27debc4d5083,1,1,1
3d60a962-ff8c-4044-9b4a-70bdbfdb11f0,1,1,1
79e2df15-ad76-4c40-907d-602c84ab53de,1,1,0
8df4bebf-ebad-4e2b-b659-acdcd084156d,1,1,1
c790e1c0-4881-466f-8ce6-7d8aeac6bcd5,1,1,1
ed276943-fb77-4019-9e1c-54459ecca1b3,1,1,1
a4307371-0790-4748-b2e6-2c7eb2764ed1,1,1,1
c3f836c2-a9f8-4ee6-856c-57047dbe4074,1,1,0
116b7e93-f5ad-409c-b7d4-a84f9a8ae96a,1,1,1
0b1fa4ed-b9a9-432e-afc1-5c1cd390893e,1,1,1
d5d90377-ebf7-43d2-b70a-5a9ad22fd9b6,1,1,1
1e38b27b-ab6a-42d5-83f0-e0f2c20012ae,1,0,1
0a6a7582-4600-4319-a738-dee456cf908f,1,1,1
fd3672e0-7a42-4c19-8e9c-f1c4fd5a7094,1,1,1
02808ca3-535d-4388-a6b2-f15f4e58ca1f,1,1,1
40dbb776-3df8-4ac3-9095-070574d0ea13,1,1,1
4ad44305-63c9-41a5-aa8c-bda2659c779f,1,1,0
8b6ca4eb-ce09-4185-8a6a-6f197ac4adef,1,1,1
d8d33900-582c-4eea-ae51-cb0ee127df31,1,1,1
eb0a92e4-9d7a-4afd-9c4e-12a2d0ce9cd3,1,1,1
fdd7f5da-f6e2-49d7-8906-d126017122bb,1,1,1
a740f839-30f4-47d0-a764-7eb98a9e2327,1,1,1
78c77c51-3ef8-4d6a-9690-ed6b4b33086f,1,1,1
6907256b-c91e-44c7-b3c4-66f5c917a1d9,1,1,1
a57d2f6f-4648-46c1-9f9c-b74b4e513f4f,1,1,0
7d3cd5a4-2f17-4462-a322-3f71ccb4ff59,1,1,1
6f78f9eb-3623-47c5-b480-e69af6e9bb43,1,1,1
eef61510-af99-4606-b5ef-cf534ea31daa,1,1,1
55263d89-c46c-49b2-9a5c-9e29a40f25b7,1,1,1
abf8be2d-f1ea-4aa1-bd81-2a87fcc27709,1,1,1
ad765c9f-2d9b-4cfc-8fa0-3a7659cfa260,1,1,1
82df7129-b28d-4948-b04a-8110675b50f6,1,1,1
bf2b924d-6e04-419f-b279-77e3605eb5b8,1,1,1
1d6f7481-c9e8-4426-9eef-d6c8d5ae6a85,1,1,1
ed08591a-fe93-4130-a37d-eb74d319f918,1,1,1
4b21a391-01ee-4e6d-9568-bdc6aa2fcb4a,1,1,1
984826d7-15c6-416b-92c1-d8aa312917bf,1,1,1
a7ab52ab-5fc2-4383-adb1-7c20fa63a733,1,1,1
8555049d-0a7d-4907-9aa5-03b8003fcbec,1,1,0
4bc24b11-76ff-44a0-804d-d5c022c71de8,1,1,1
935b01d7-116a-4cf7-ae4a-8b70ba21c362,1,1,1
3877094a-46fe-41b3-aa25-dab226fabc0a,1,1,1
09e09721-6e40-49db-b989-28816dfda2a1,1,1,1
68c8cfdd-6a02-452a-afa3-c45ae25d3bd7,1,1,1
cf88ceef-14d5-41db-ab47-45d01440fa1e,1,1,0
238e86e2-f77c-4240-9a99-80a4f5e96f71,1,1,1
26c264e7-8a45-4662-898e-a64e0194c541,1,1,0
ddc8c157-9fcd-4467-95e0-ffd1e4e67a82,1,1,0
60555025-4fef-4914-85f2-81eeab847ca9,1,1,1
52432a1e-6461-4618-8e2b-ad83aca6dd20,1,1,1
9125bb28-2ef8-4905-a825-613ad38d40d1,1,1,1
058d4e32-f416-4881-9d75-39fbdf1c171f,1,1,1
e2bd79e0-ef4d-435e-8021-eb6a8809332d,1,1,0
69307812-063a-42c2-8fcc-f840642f8022,1,1,1
d961e80d-c032-4646-9c26-51752ce84e16,1,1,1
6924a74a-cbff-4f54-ae7c-35df9611fca8,1,1,0
e4b6177f-6e2b-46c4-82a5-d01e30c97b6c,1,1,1
a21e53cd-74b2-413c-923f-cc27e17e848a,1,1,1
5fc7ec43-92af-45c9-a429-252cb934e198,1,1,1
51aa7689-d104-4d65-bbcd-78d62ff5399a,1,1,0
0ab309a2-1717-4624-a858-d3e3b8bb5938,1,1,1
0808edd9-bbf9-466c-9637-093f0361a709,1,1,1
0c2ac9ce-9036-4f0d-b48e-4260e39f0e47,1,1,1
e416522c-f6ee-458f-8af0-2d3cec40d22b,1,1,1
b45ff425-0b04-44fd-8c09-fb26661d457a,1,1,1
cd46c0ca-c2f2-4e90-b701-5f549eb536f3,1,1,1
32d07ac3-dae2-4195-910c-cbda9249754d,1,1,1
84c98302-b20a-48b7-ad86-6c200a2c8765,1,1,1
23c624eb-8fa2-4f16-a902-066892ee65fd,1,1,0
bd8616f3-3f8c-474d-9a83-99367fc77ec7,1,1,1
dda4c478-2e5a-4dfc-b5e3-ce85afc58ee9,1,1,1
705b9de2-f49c-4695-86f1-c20e197fa9e5,1,1,0
85cd9334-a77a-457b-b8c4-0e58226613a5,1,1,1
6ee82be4-b132-4ffb-9fae-b6e59623ffc1,0,1,1
0fff5edf-37f6-4380-89bd-5f81ec2a6173,1,1,0
a11dcc3e-1881-4cc4-8951-6ab504da1dbb,1,1,1
e1b7e4db-f403-47a5-9779-7fabd19b8718,1,1,1
c310154e-1298-4128-af66-7305add82ad2,1,1,1
97292674-1ef2-4e3d-97bf-e475d25257cd,1,1,1
a527e54d-8db5-4b1c-9cde-1adc7c7d1626,1,1,1
babc5409-dc6d-4421-82c4-67a7c9c0486a,1,1,1
1b3513ba-36bf-437c-812f-4af852ce4ae1,1,1,1
7cc06d12-0dcf-496c-a5af-8c5c1353af74,1,1,0
1e179e6a-f682-41fe-8a6e-10001ae8a654,1,1,1
b24f8e5a-f341-4772-bf5a-d336368d26c8,1,1,1
46ee221f-9392-46b2-81b7-c51b575692dc,1,1,1
52b6c80f-8085-4c13-8d12-c496f2460fe5,1,1,1
375cb5de-cd8c-4b1e-b25d-8c607fcef3fd,1,1,1
fd8798c8-f5e7-4030-9ba3-79ffed6d60a1,1,1,0
a34819e5-6bcc-4cea-b3f5-4875eed45578,1,1,0
67e911f8-fbbb-4f30-9ffe-e10d750397a6,1,1,1
7c1c77a8-d0da-42c3-9b10-da2277288c73,1,1,0
8e33b52a-8185-4bff-943d-edca84c618d9,1,1,1
c9aaa88d-22e1-4608-83d4-4af0dda34f2f,1,1,0
8b93dcf6-6117-479e-a031-ce8ed17eef40,1,1,1
1a536b85-5fb6-4fcb-ac57-aace457151ac,1,1,1
4bda1af9-0778-4768-abd5-e813f4ff11f1,1,1,0
1be2be46-685d-452e-a808-89f6f929aff4,1,1,1
853be854-7590-4011-adde-b38abca23854,1,1,1
e08c31c3-70ec-44de-9f1f-ebd4e6641c87,1,1,1
0ee1bd20-3b22-4619-a249-30fe598ee7c8,1,1,1
82159a02-8635-4ba9-84e8-30426327aa5b,1,1,1
2eff2dbc-71ca-496e-be94-8167eca5472d,1,1,1
dd0b19fa-fb8c-4589-a90b-e2f91db908ec,1,1,1
0e7953af-88a5-4498-8b18-4640ef962410,1,1,1
7851a6c8-af1a-4099-8716-3353a48b7d72,1,1,1
39811263-de19-486d-81ae-2bae58807e62,1,1,0
0c72901e-0e7d-430d-98d2-15a113838c47,1,1,1
ce84032b-67b2-4be4-b0f3-c070c6422c07,1,1,1
7bbd9d4a-aaeb-4333-ab6b-7e70249ecbad,1,1,0
b87be2ac-ba80-49b3-b181-6676b72ca279,1,1,1
f0ff7930-9a79-461d-b874-8ddb39f8d8ea,1,1,1
03cd6171-64ce-47e1-807a-4517073b767b,1,1,0
b4929865-135b-43a2-95b2-51fca019564f,1,1,1
17801ddc-9daf-4381-942d-0a6c38d9aa61,1,1,1
ef55e632-6f36-471b-a7b4-88861598d216,1,1,1
a695d59a-2978-4efa-aea6-7398a4ab7cce,1,1,1
087cc41b-8bb1-4535-9ad5-eae69fd14faa,1,1,1
536167ec-3388-492e-abc1-e3e5020ce9ff,1,1,1
93c7d43c-52ac-460a-8e46-739669e6b125,1,1,0
f60d9302-f1eb-49ff-9d33-179226e5fa62,1,1,1
0ce48c9b-6725-4015-818c-c1ff3c40b490,1,1,1
9435e60c-2350-482c-bf0f-261f949d6649,1,1,1
90961f07-8593-4b9f-8170-e895727d987d,1,1,1
cfa5ec54-f1cf-4fbd-8f59-7d498980cf68,1,1,1
8d707fa8-2b63-49e3-98a6-28fce5a97ec4,1,1,1
ff2e473b-f91e-4576-bba1-07e51bc17ef3,1,1,0
751e3d4c-7fef-42d6-ac7b-e3d8942696dd,1,1,1
35d7cdf4-ab61-4a6f-80d1-20f06fb6d0d5,1,1,0
cf23f812-27ab-4c2c-bdab-82419d10995b,1,1,1
3f5ece52-3c75-49f8-9407-61b3d639e5ce,1,1,1
fb85ef68-d26d-4f98-b39a-dbc8d8a84243,1,1,1
a2b2fdae-2c72-43de-bc5a-92ab65fe950a,1,1,1
b41a9e04-471c-45b6-8cd3-9f000f7502d1,1,1,1
301ffeb8-f758-4cd9-9f6c-39f713d96c79,1,1,1
583e1bbb-25e6-4558-8edd-52ea37c2bf26,1,1,1
f6a84799-4d6b-4e09-a82f-206afb620a2f,1,1,1
7060bf52-9eca-4983-8475-d8bb6692c301,1,1,0
95849908-74d2-47f6-bec1-8ccdb96c7c8a,1,1,1
22bf9c61-f0fa-46be-8ae2-6b13299db2d2,1,1,1
85c64637-e7dd-4de8-8873-1c79a19be056,1,1,1
fa5ed86e-9dbc-463d-81d8-c0a651f72e7c,1,1,1
40fcbea4-9234-416c-aeaa-127fa43b40b4,1,1,0
43df49ed-c4b8-44f5-ac3a-34230df4840d,1,1,0
dcc6bd0d-549e-4e77-8c76-36c47d05f857,1,1,1
263ef172-3445-4892-9708-67970df1a5d6,1,1,0
a44eddda-4c18-4474-90e2-08591f0cc2d9,1,1,1
e9026cc6-2814-4000-b182-443e400ae8a3,1,1,1
cf345583-1667-4f1e-b675-c146fbf8f6c7,1,1,1
b80cd0e8-7508-477f-ac5f-c81989741c21,1,1,0
17e79f47-feb8-4c1c-b364-ac0a8747e97c,1,1,1
41eca28d-22a2-41f4-ae36-274273afdbe7,1,1,1
edcfb039-5141-477e-a9b3-0e191b38ba81,1,1,1
8f65c942-829d-466c-bdb3-80afb48101c4,1,1,1
749981fd-ce46-4913-90de-ef8af460e43b,1,1,1
e8b9559f-f724-4f51-b780-af2e5d086c1f,1,1,1
d019450e-7140-4918-a907-b0d986cd2f8e,1,1,1
263817e1-41e2-4a65-8d19-afabdff94962,1,1,1
cbcd7b0d-fee7-45e0-88c7-285f92da43c6,1,1,0
56dcd6ff-848d-4b5b-b43a-67fcbcbf3d01,1,1,1
ba603b87-96d0-49d4-87a6-b959164bea14,1,1,1
3fa793b9-6229-4cc4-800c-e2dcba652337,1,1,1
5c6d518c-d2cc-433b-bb25-598e194fe0f8,1,1,0
599f4dec-f1c5-479f-8cdf-f1371971cea8,1,1,0
c9df69bd-cf4d-4fd0-9625-bf1f1089b41a,1,1,1
cfe1ef01-5bea-4de9-88b4-b549c7d25f39,1,1,1
deae9c07-7b21-46fb-a98e-a9b85fdca251,1,1,1
867d93f7-18bc-4603-b2da-d795148cafcd,1,1,1
fc669dba-0376-4b30-bc0b-6b78c6bf1574,1,1,1
d1726071-831c-4792-ae7d-d85912f41dd4,1,1,1
786fa873-281d-4dfa-a1b6-bcf0a821024f,1,1,1
b6d374d0-943f-41d2-a5ab-fb909f578de1,1,1,0
520dfa0b-6990-42d0-b331-1340419cb3ca,1,1,0
0f6b3a5f-62b7-4b18-9b7c-2db4bb5f3422,1,1,0
8d3de6d2-9078-40ee-887b-c480dc958ea5,1,1,0
0c170057-cdd3-4cf9-9828-cca3ebafc733,1,1,0
0c871784-d8f8-4ea8-8bd8-2adb10810db3,1,1,0
ea38e27d-22f4-4621-9462-467c15591c3f,1,1,1
9f202d7a-e554-463c-98b9-bf82785ceca1,1,1,1
647fa705-d4b3-4772-bce8-dafedc175b3b,1,1,1
8d7c12bb-38e4-43cc-aa73-94c94b38aded,1,1,1
c916d207-b59c-4aed-af9d-35146566985b,1,1,0
4274999e-f751-45dc-923c-1d1ddfc66f45,1,1,0
89e280d8-dfdd-4a9c-8ae1-1614dad42c3d,1,1,1
fe7a9af8-5c3c-4f72-b322-49d30f3af909,1,1,0
cbdfd8ae-0c2d-4d67-8f63-72e830f7bcd4,1,1,1
d9b93641-2c51-4e52-af8e-289e7619fc64,1,1,1
be70b3a3-68cf-472e-9c0e-b34c4bc968ca,1,1,1
08175ecb-f18a-4950-bc15-06ff24d1b101,1,1,1
1d8e52a7-4319-4ee3-a5c7-d7212ac79cb6,1,1,1
213d5097-c780-406f-be38-e7fd4c014bbf,1,1,1
aa76532f-31e4-4a7b-9861-67f65d31b6bd,1,1,1
deab1137-76b0-42c9-a0d7-ef65430d7e78,1,1,1
e30684ca-2ca5-47b0-9077-e072e3cccc7d,1,1,0
74fb969f-a3a4-4808-a489-ae073bd042af,1,1,1
e3a12f50-00fd-41fc-a24e-49fffc3b83f2,1,1,1
0798a6f6-c3b6-4e46-87cf-46d08b6fd347,1,1,0
0927d1da-c3b2-4ff1-804f-39721884588c,1,1,1
54bbb77e-c437-4a9a-b650-e9911d9b127b,1,1,0
61074c41-9def-4f96-8b2d-d8d025618249,1,1,0
951dd586-4713-48c4-a4e3-5ff9b64129da,1,1,1
10777b6d-f569-4e83-81a4-c73349b60c21,1,1,1
3e2c84f9-c222-44aa-9eac-367d462a267b,1,1,0
4368e39e-0645-4c8c-a285-2aba7eaf0d93,1,1,1
4744464c-44fd-4170-a22b-29862b50d79d,1,1,0
ae05ed0d-f805-466e-828b-705a9934d519,1,1,0
0715a68b-c3df-4e7c-880b-6a0dcf8a3ccf,1,1,1
08c3b0a1-5e8e-472a-aad5-9ab54402da2d,1,1,0
620a1923-b36c-44cf-bff7-a034864e1698,1,1,1
391c7191-0012-40c1-8f40-c9a511b2e004,1,1,1
449da9d5-1f33-4130-adbb-e036b890d0f1,1,1,1
c2b3c1eb-4e2c-41a7-9190-8cfe3c169d46,1,1,1
37881575-79ac-4c6b-9431-8e0f92707f09,1,1,0
12fc6a71-a52a-43fe-b597-7de73ca78cec,1,1,0
bbcc103d-9ff6-441c-b522-443933548dcc,1,1,1
e4fc0d93-3985-4956-9422-9799a219218b,1,1,1
db5f9480-25df-4515-a3ea-5d2c87fbbc81,1,1,1
c69eedc2-3ede-4fd6-99d5-82a1626c3de3,1,1,1
b1f365fb-098b-4ba8-89b5-d8ec8c1d8363,1,1,1
b3d9024c-ea67-4bc2-9291-2e942e97254b,1,1,1
c4073848-6f58-4c61-946c-8b691823e5a4,1,1,1
de56df37-7a58-499a-a6c7-2ace8d6fa044,1,1,1
ca1f3829-db36-476c-bf1f-e0d49b34f0be,1,1,1
51787f27-5a6d-42fe-ae52-738f5c0f6cbc,1,1,0
70eadc17-2ad5-4daf-b1d7-3aef3e281d14,1,1,1
d7fb1e07-a644-4b97-8165-a06f497a093d,1,1,0
5c01dce6-8b88-45cf-8f92-e738ab0651b5,1,1,0
aced2319-3ce1-4cbe-8207-8e7715fc40bc,1,1,0
c7068baf-03eb-4ff0-9e81-507adf0d3bba,1,1,1
a8a67112-4115-4209-b1a5-1c6af0df3328,1,1,0
d733bfbb-297a-4050-af40-3ced57530f8f,1,1,1
6388d600-a1f0-4a40-9350-2616e5f5108e,1,1,1
bd290c6a-3a2d-4d53-bcb2-38d9009ce080,1,1,1
e600c686-594f-48a0-afa9-7ccbe17fe2b6,1,1,1
12f85cb1-d566-41a2-a33b-8767ad386568,1,1,1
6bddf16e-be0b-49cc-8934-540aee32864c,1,1,1
18825504-484b-473b-ba7c-cd201b6f9318,1,1,1
9b834b09-55f3-408d-a2a9-41e66647fe64,1,1,1
eb7441ed-0f6e-4a99-9120-2522384b7642,0,1,1
00fb91dd-4f94-4eff-87b4-c9ff754812ef,1,1,1
2a8faf0c-b4ad-4856-881a-5f3b71f6091f,1,1,1
b83b9e00-807f-4531-be88-17f23ab53db9,1,1,1
ec916af2-09cf-4f25-98b7-6ffc9d977dce,1,1,1
02363cb1-f7ca-4561-8b96-5518bddc4175,1,1,1
15578e88-2a2a-4424-b256-7f95d99a794b,1,1,1
0fc45a99-786c-401c-b4db-fdeb96a9bec6,1,1,0
5119d7c1-9c65-4e41-af62-c66cc5ef1fc1,1,1,1
77ac04d1-62b7-4d05-a980-c58e0d914fa7,1,1,1
3f7ea76e-763e-4fd9-99f8-4dc10e0b759b,1,1,1
1aa4b27e-dbfb-417e-82f4-0a62b893208e,1,1,1
2224c202-03f3-43b0-9080-78b26c937851,1,1,1
5fac80d5-1e26-4f89-8e61-477c80ae35a3,1,1,0
02ab3691-cac9-4a80-802c-afd6773c1928,1,1,0
657beb64-bc66-4ebd-8eba-01d617a6588e,1,1,1
d128567b-f092-4eba-8996-a56b07a3e11f,1,1,0
63b70d83-d05b-4b95-89b2-c1994ab73185,1,1,0
6695912b-7218-443c-955f-0d8bfcdab3f8,1,1,1
1435c027-5405-4e0f-baa7-0d6120b90e74,1,1,1
2bca7ced-8e71-4404-bbac-80842f2a137a,1,1,1
27c2d40c-43e1-43d5-a889-96319865cf4b,1,1,0
c1efa38d-c0d6-43d3-a597-4dd99b881c07,1,1,1
223cea8c-213c-47fa-baaf-202af06db8ee,1,1,1
759e0f2d-e15f-4cf3-a77d-e9db2878c645,1,1,1
1a5f429a-31fb-4be0-bb56-fa50c90cd28c,1,1,0
07738b1e-3797-4ea4-8c17-abf7e0d87e93,1,1,1
e630a51f-1258-4390-9f0b-bf2dd2a9f7d8,1,1,1
d4cfa423-0d5b-4fc1-bb88-e083283d3f4a,1,1,0
2a96c748-5a61-4fe2-909b-cf3d4bb7cdf2,1,1,1
d395d979-e1a5-4d4a-9ed1-03695f59d4ed,1,1,1
d8a862af-a66d-4fcf-98fd-477fdc5b3252,1,1,0
f5d7e921-ae64-4b10-81c8-c869418b39b4,1,1,1
379b27dd-684f-42da-ab67-d2974771bd50,1,1,0
9b36e744-74d8-4dc8-a7b2-7fd9df6ca18c,1,1,1
27603329-0ce7-41bc-aadc-75a39095bde7,1,1,1
81ee8642-c6f1-4974-8f63-396938a7054b,1,1,1
a939ef57-e444-406f-85fa-519cfdb44fa9,1,1,0
40fbe2d4-457c-46ba-a6a9-f9914746a31a,1,1,1
938f475d-2442-4150-adbd-138f9eedb6e7,1,1,1
fd90dce6-61bd-4300-b830-ba0002d1f3f0,1,1,0
cd89c582-1a37-439c-8538-6a7db497d8fe,1,1,1
463c27d5-6105-4392-af4d-a677ba16316f,1,1,1
ff9d4a00-7c6a-436a-90aa-1ef2c432e44f,1,1,0
8f9c78fd-f7a3-4828-9f56-1a25436ba489,1,1,1
c5cc7c2e-7897-49bf-ac72-bf22f15c974e,1,1,1
3329947e-6e0b-4dd3-b9d2-14e5f2febbb1,1,1,1
00c9025e-3896-4bab-ac76-6c7e9e88fd33,1,1,1
c93b5e60-4b94-47c8-b408-928acb6fb12e,0,1,0
6115050d-599b-47d5-bbb3-6860bf3c2330,1,1,0
a1a7663d-349d-493d-8388-1c7853a7c1f1,1,1,1
46135346-3084-4a8d-9195-28bc44184a90,1,1,1
98dc47fa-ce04-4c22-8182-481549388af2,1,1,1
f63f6eda-c86f-4e4a-9724-ec4ff841d520,1,1,0
0825ee3e-15fd-4c67-b6c2-74f28101a429,1,1,1
6dd924e9-a7dc-413c-8600-972abb583327,1,1,1
ee9ad05e-8a07-4ab8-8063-e984b1e0163d,1,1,1
c431dc4e-64ce-47e2-9542-ec5d009874f1,1,1,1
bbd7107b-77c6-4c3b-a368-818bf0fa1f17,1,1,1
eb18243c-c468-47c9-a028-188fa630198b,1,1,1
eb0f3828-3f36-451b-8e5c-0b0db60f0390,1,1,1
8393c4d9-9a17-4458-baf7-0bf123c4796f,1,1,0
14cb1ce9-39c2-42d6-a576-298568fdf40c,1,1,1
5a4404ac-cc25-4d99-b73a-9360b38468a4,1,1,1
e808521a-aeb0-4341-8d39-059565b03cc2,1,1,1
2a52ba60-10a9-4d77-9a3f-0066c42a0189,1,1,1
bd8faff4-e706-4efc-be33-fe587e4fa43d,1,1,1
060d3341-d1b8-4ae1-81c5-64433603ad0b,1,1,1
fe3aff55-bd3f-4fc7-84fa-e3f1424f3605,1,1,1
b2c5d81f-6f0d-49ea-9e88-f0ae552d1188,1,1,1
50051d7a-0ce9-45fb-a241-22ceb920f841,1,1,1
73bbfd3c-7216-4c65-bfce-ae686bbba29f,1,1,1
dfb67682-3f17-4f8b-bf44-dcb5eeb0c7d4,1,1,1
354e320a-073f-46b5-952c-ec7dcdb97c5a,1,1,1
2f67898f-4654-4949-801c-890c8a5f2707,1,1,1
c1aadf3a-1137-4880-8f11-806ee91c9cf9,1,1,1
c1368009-efb3-455a-b623-e78a66d7b3de,1,1,1
b571ab77-712b-44dc-96df-e5d93e56d4a8,1,1,0
9d6d99f3-2057-4266-8d36-893004391a19,1,1,1
44f74959-cb01-4c46-ba4d-c940c41c8416,1,1,1
b03484b8-3069-4f4b-91da-de17d08c69e7,1,1,1
b4a8a96b-4767-4161-a662-4bf192085365,1,1,1
5ba6b87d-2a0c-43a8-85d6-b795abfee292,1,1,1
4267d7c2-c4c9-422a-9a78-e83734d65a59,1,1,1
c9038812-25fc-4f1d-8420-1bb9827ec10f,1,1,1
6390945a-d7f3-4a23-9836-99db3793f10e,1,1,1
7277ebd2-3d07-43d1-b66a-8b999cc78825,1,1,1
fad587d8-903c-4fc3-9c71-be2997f78259,1,1,1
1f1e6640-e533-4de9-bbd5-b972647ad4c5,1,1,0
c04307ac-df9e-4ccc-bca6-12bd1060e0ff,1,1,1
609fee19-8115-4c2f-abc3-d2ec0f7785b8,1,1,1
545b3065-c577-4cc8-ab84-6f0e65d68598,1,1,1
8599f975-5591-46cf-a0d3-49420c731cbf,1,1,1
11bcde3c-41a0-485e-a96c-7b1df2fb6b23,1,1,0
08f61ff2-0488-4ec8-a009-4b060db90038,1,1,1
7def7198-759e-4406-aa26-9d34f661baba,1,1,1
10ac826a-8688-4b29-8d41-cc2ff7f9c439,1,1,0
6c10e637-c62d-489a-b74b-d72b1c310114,1,1,1
0eb243bb-0ee4-47ec-864b-8d7f75136ff1,1,1,1
80ad9be6-9d32-4f20-a22e-ae2d6a02ae29,1,1,0
8582edf4-5864-43e8-9748-1ace877af116,1,1,0
e8b2bbee-a8e1-4599-80f4-b66f00f5e7ca,1,1,1
6a3273cd-1bfa-4775-950c-c076ae7088f9,1,1,1
9f8d987e-2117-4dd5-af48-f2c9d58453b6,1,1,1
e896ba37-d3ca-4a6d-8695-95e5db52587d,1,1,0
b401f8d1-a55b-486e-809c-d8f32051276e,1,1,1
5c920c42-9a0e-47b2-a591-8a57d58fa354,1,1,1
1cb996ae-de39-472e-a2b5-768f767a04b3,1,1,1
3d292ad0-8a68-433f-92f1-b9226331fbf0,1,1,0
438a267a-9e2e-42f8-85e1-2094cf9fdef6,1,1,0
4660f871-bff4-4e53-ad54-2d73f44d0909,1,1,1
54db9086-2391-408a-8f91-4cc9ade17076,1,1,1
e46febeb-b911-4b92-a292-bcdd17cd660e,1,1,1
7a02d78a-9000-4748-88af-dd3cc0a5e537,1,1,1
5f59cb0b-352f-4b5f-9c89-17ccb3b4cff0,1,1,0
bafa9987-97c1-441f-923e-46e119ae0a34,1,1,1
76be5138-3130-4ad8-8be2-7bbf2e793530,1,1,1
fd2ea971-ebc1-41ac-937c-3c9f637135f3,1,1,0
a653aadc-6650-4e56-a3a4-b3f0db1bcd0e,1,1,1
4a6e1147-79af-4159-af98-b74b03ef36eb,1,1,0
06a9b473-c13c-4986-909b-0c4c54fa8ed7,1,1,1
781ecfd5-9f57-4e41-93d7-3d02e6b094bd,1,1,1
4e4c3fe7-c39b-4f8d-a7d4-af1ce9e4ffda,1,1,1
44e7d0a0-67df-4f12-9c8e-41d53ad479b0,1,1,1
99e46eb9-876f-491c-904d-d6d9cf4da1b1,1,1,1
9a20492e-7246-4ba6-a45c-145682178663,1,1,1
25fe2cd7-a024-4ca2-b2aa-fa37c2ac8c05,1,1,1
05e36297-db44-406c-81d4-6d5d42d5bcd8,1,1,1
477fc097-98ce-4212-901e-404e7561ed48,1,1,1
6b33d814-ec0e-4d51-9fbb-d7747521812e,1,1,1
d332d54f-a37e-46d9-b319-caa584ca406d,1,1,1
3355493a-56ce-4e2b-b995-5cc4d94dc721,1,1,1
4e06895d-177c-459e-adde-638c9950ecd4,1,1,0
9df33ef1-a56e-4a25-98c7-281402ab56bb,1,1,1
db98ee71-9902-44a6-9863-e12230f5615a,1,1,0
0b3cc632-1fb8-45ee-95a9-074b58851bea,1,1,1
16c01513-57f2-44d7-8c78-6380471ed9df,1,1,0
df424063-06fa-4115-9d6a-2ff65a23a0cc,1,1,1
7bec6d85-eca0-4056-9c2f-692f47f60c62,1,1,1
b5588a99-ed32-4cf6-8c35-6904b506f3e6,1,1,1
9e3431d7-893f-4383-bbda-c9d6cb72b02c,1,1,0
85ad910d-802d-409d-8987-493d7c4c01f5,1,1,1
69af9307-f2fe-4217-a363-7e2a6535a751,1,1,1
7ab9cd30-b861-463d-bdd1-4e1012cb4073,1,1,1
5b83d891-c6e8-497a-9f3b-a84f0bf54742,1,1,1
4b3ccabb-cfdd-42fa-a871-b9b4b1c7884c,1,1,0
f659ef85-33dc-479c-a1fb-2d9b48e4283c,0,1,1
6a42979f-6194-40b6-b4a3-1c31464e52bb,1,1,1
2812f7b9-27cd-41f7-95ec-b47c78145973,1,1,1
7d79ec35-5258-4278-99aa-a54522a6b18d,1,1,1
883f7dab-2ab4-419e-8437-35673b62bd92,1,1,1
2cf9c7e2-edeb-4263-badf-3f398c98ea09,1,1,1
3b8370a4-01be-44f9-a937-20f67480dccd,1,1,1
3aeac0ac-b17f-4651-ab5d-6ce1e1ba78ec,1,1,1
d8911fc8-078c-42bc-b532-911e2a4a37f6,1,1,1
b60bb34e-541c-4813-a0d7-e1b697c273bf,1,1,0
a4a7a2ce-29c2-4cf1-90a7-fb22e7d71afc,1,1,1
09919de1-53cc-4f40-863c-24f41f73b577,1,1,0
c16aa3fa-737c-43d7-bb78-4610000b31ee,1,1,1
a53926a8-fe2b-4ae5-8ae5-d28bec091f2e,1,1,1
3c5828b9-3fea-47f2-a522-8bf332cf505d,1,1,0
2560fd27-98dc-4fcc-abd7-7c5a96c3fad5,1,1,0
1e990bab-9e94-4729-ac73-0d45e27b9856,1,1,0
ca5abc79-5afd-4cb0-a61e-995981000fb4,1,1,0
beed75fc-d948-462b-abd7-bfdc37bb673f,1,1,0
c9f416a5-8c6f-49a4-869e-d4499e8470d2,1,1,1
0dcc6118-144c-48fe-b252-f2b6dbe201af,1,1,1
a0798362-94b5-47f0-8eeb-2c9a789a8f8c,1,1,1
ce7ce953-6452-4d76-9523-7704f670c0df,1,1,1
38eb7cc1-45a8-4a25-8baa-5f3a74e89518,1,1,1
8c34bbe3-d0dd-49b0-bb02-39eaa16b0315,1,1,1
471e199d-755f-4fb3-bc09-a8d00744b9f8,1,1,1
22f238a3-06f6-48fc-8d0b-8230c69225a4,1,1,1
b882eb9d-7cfc-4e92-9030-eeccfea3b4c8,1,1,1
b011e439-7e9b-4666-8373-847267d60990,1,1,1
b49e2354-be50-4e34-9e57-4e0f3dd54e87,1,1,1
8a16bce9-697c-4551-b299-5a74c873eba1,1,1,1
d20d4090-d732-46b5-a238-c7b42bc7c72b,1,1,1
659b1805-a29b-4da7-9fa7-34cdf01a55c1,1,1,1
2f350a03-52ec-45a2-84cf-8b2e897e6274,1,1,1
616b0027-6da8-4586-8add-8cf70890080c,1,1,1
de2eaae2-ed35-4e32-89bd-91cfae3ffbfc,1,1,1
3c004063-8d7a-46c2-b894-cc6bec5b92c3,1,1,1
d834a096-02f7-4c31-bdc6-d43bf1469b6a,1,1,1
60e25f51-48cd-4550-9099-6507a9ce4d95,1,1,0
d72d9217-8e44-48a2-9aad-bd0897a7dd97,1,1,0
8fb348ef-241a-4fc5-9d31-ad2a74f4b78f,1,1,1
b65ed0f6-72d6-495f-9014-6894178d6201,1,1,1
b8a9a753-e28e-48d9-8224-dcdab450a8e3,1,1,1
2b6522c9-9f4f-41cd-b2c7-d35c68cef0ab,1,1,1
bfe5276b-4cbf-45bf-bc2f-daae9072c654,1,1,1
cca368d9-421e-486d-8c2b-8616eb5c9844,1,1,1
074cb21f-ced2-4cfb-9822-7ba115b21bee,1,1,1
cebade80-3b0f-41d7-a706-fd11131a3ebd,1,1,0
7ca89e32-3a71-46b3-ac57-6ebdf27c7275,1,1,1
d59ff9a5-b9f1-4c75-872c-e182e5c6cc8f,1,1,1
56139101-3aae-425c-bc83-fae9bd20f9b9,1,1,1
c01b8a9d-7d00-4700-a54b-a6bcd4953379,1,1,1
ac03d4b7-2b76-4866-a4e4-d0649f80a84b,1,1,0
93eaac15-62cb-4dcb-bbdd-b3ea302b6eea,1,1,1
6160d384-d0e2-4121-90f5-39917f03a5aa,1,1,1
81a192a3-1599-448b-9959-e21c348b9333,1,1,1
558de669-29ba-46af-ae91-2e8c96ce835b,1,1,1
04eea6aa-8497-404f-9412-2574f1e10404,1,1,0
0070721f-9dd2-460b-ae76-bbb32d17a75b,1,1,1
a9f32323-a61c-4a00-a192-e9459a4e6933,1,1,1
971cf9ac-b6b0-4045-b01b-a6daab88ae77,1,1,1
31b5dc45-01c8-4823-a782-c696d8a5fee8,1,1,1
1d50ab42-5019-48ac-ba3b-a40e79ec9d12,1,1,0
d4e07293-f773-4483-b98c-16c733f7f3e3,1,1,1
c6135aa8-3476-4966-850f-68f192346e43,1,1,0
1909c5f0-ae30-473a-98d1-c39ef9a14893,1,1,1
94a50950-87e3-4453-a1d1-803c6eab0899,1,1,1
d66e9078-4556-4e42-b9c2-0eedd9372fda,1,1,1
31ecb5b0-12f3-48c4-953e-f959f0e05bea,1,1,1
1ca345f6-df90-4e8d-9e1d-44d11c73555f,1,1,1
b49ac318-9d73-4341-ae02-cb76b7b8649c,1,1,1
041f7d88-c921-4a5a-a4dc-e227afa8c618,1,1,1
f1d4340f-38c7-4e4e-ab64-3c8624f29481,1,1,0
9568b84c-ab8f-4108-9ae0-464f5c8d333b,1,1,1
5a9efb1c-f6c0-45eb-a2b6-deadbbebdad3,1,1,1
9d36d32d-cbca-446c-9171-e873fb6c38ef,1,1,1
dc6b1dd8-6049-4dff-b31a-d75168d64949,1,1,0
08c84d5d-6797-4faf-85e3-77582c2c769e,1,1,1
23edf6fc-8f20-4507-ba5d-333ca205f527,1,1,1
b840e4c3-5f42-4132-ac33-2b8d6e9b4cf4,1,1,1
edbcb567-682b-4f79-87e5-86b3c26041da,1,1,1
d90c2f4e-d173-4968-8cdc-5645618c89b2,1,1,0
f166f613-656f-422a-ad06-a8759948ccdb,1,1,1
426d79a3-ee9c-4a2b-b0b0-b185daf40487,1,1,1
b147a988-50df-456f-9f56-21ede515d8da,1,1,1
e391f046-e4b4-4483-8f84-2de6d6bf2f13,1,1,1
cf55884f-4b28-4011-af1f-06e99b640685,1,1,1
04c19b9f-8a49-43ff-8975-50bba9cf94e8,1,1,1
77f5fca3-de2c-448d-ac29-860271113db3,1,1,0
3ef796e9-0edf-40ea-bb59-5347159988d5,1,1,1
b1c16f62-6361-4f73-8cc7-03e057ee3874,1,1,0
e6239c8f-98f1-4c36-b00e-e499c2aff03f,1,1,1
10e45734-d159-4e40-891a-4b7ac1a99749,1,1,1
442b9197-6195-4ab3-b728-f6a3464e64ff,1,1,1
8a759205-3b90-4855-bdc9-b2c706008599,1,1,1
3139c15b-e5ec-4925-9a78-89c1b1e63cda,1,1,1
5b1b0f20-aa1e-4e67-b462-c724dca64c77,1,1,1
9da421e9-632c-4d57-8e64-c711ce011f09,1,1,1
b4cedb1b-ff2f-4998-a25d-d30d5d973a22,1,1,0
c3a6e263-496f-4aac-9ca1-606de92c8dfa,1,1,1
afde6def-3c6c-43e7-8f82-cee267b761c2,1,1,1
d5f8e5d9-2727-4ad8-87b2-11454bbef30f,1,1,0
95a356b0-7867-4c30-b644-91d26d871251,1,1,1
e971c36d-4cb7-4638-8e62-97371d99fdba,1,1,1
bd230db2-8966-4568-8f70-b6a25812eca5,1,1,0
dda07256-d14d-4616-8d01-67a7d8c9d704,1,1,1
83f2d428-cbd3-4a28-bba9-706500fd4c73,1,1,1
074b49c6-b8d9-48ab-bb9f-5a38fdb05a70,1,1,1
27217b63-86f3-41fb-b2be-0dd9f0b78f92,1,1,0
8b1a916d-77b7-4b8b-8e6e-670d50490cc6,1,1,1
9263da21-74ee-4d2b-9d71-ce758e602045,1,1,1
b202898e-faa8-4f8a-8041-37d446c7b17e,1,1,1
07624142-1ff6-4723-9fa4-ed9b351a5023,1,1,1
a4e42614-eae9-4182-8a65-6d008ea7af42,1,1,1
7ef8bdf9-53ee-43a6-bafc-bd33aeda9e10,1,1,0
88e6af1d-cb31-4445-8b82-a0916a9822d1,1,1,1
1afd00e0-cbf1-47ac-9799-b6c77e2d453b,1,1,1
29e53101-b8b6-47c3-b44a-c116801e2835,1,1,1
ba2311cc-3fb6-4780-9509-ae43bba9d6bb,1,1,1
ddf152d3-86e2-4b01-82c9-d2f777a95a3d,1,1,1
080283e3-5138-43a3-87e3-3831427419df,1,1,1
a8eebfda-f726-4650-bd35-1d9b7b1264b1,1,1,1
3d34ad55-6465-4960-9399-56213aed38c6,1,1,1
131c416d-c155-463d-aed0-2366af82c4e0,1,1,1
32ccf90f-4104-4532-947a-2118d95ff357,1,1,0
be0a3184-0a2b-4250-afd6-36ed028d1714,1,1,1
447ccf9d-af23-426b-a0c6-1906d5c97199,1,1,1
dfb632d2-2367-4689-ae86-b9cdfb60b354,1,1,0
2b9af15f-2494-4a94-9059-87ca1900010f,1,1,1
af5c9a38-4c03-44df-b4d4-6fd672cb5d15,1,1,1
5cb49ccb-1cc2-4ed7-8574-c33ab92a459b,0,1,0
69cce30f-02e9-439b-b275-a3eab8cce391,1,1,1
1068c3b5-e2bc-4a81-bf4e-ed36e6c1fc8a,1,1,1
abe0a1ca-ec9b-48a9-8918-72ef0782bd2d,1,1,1
ac6a0b45-9651-4861-a467-ea5ce9eeaf26,1,1,0
78060d15-0197-4d06-bafd-ee63fad00af0,1,1,0
387b0877-f73f-4648-9e42-1394b04ead20,1,1,1
2cbce555-bf33-414b-a1e5-dfd6b8069839,1,1,1
30b73f9b-47a6-4a9f-ae40-33aee7e9b869,1,1,1
ffa5a0e4-a0ab-4469-870a-283ec9332d3b,1,1,1
d0115ee2-9084-425f-93e0-e1f1c3c74743,1,1,1
e6a7d12e-013a-4243-97eb-c471e225584e,1,1,1
e6fa3035-ae86-4a49-a0d0-9ba46ba54be2,1,1,0
e0d332ef-4bb5-471e-a98a-f38c6bc43ea7,1,1,1
19a3a282-a587-408b-98df-e1df61388614,1,1,0
527ec891-5bb9-4260-86b8-fb0f6fc94b10,1,1,1
c673b17e-f0fe-45ce-a4a0-274eb0c3c0d3,1,1,1
9091c348-f1a6-498e-a102-e8254dc0540e,1,1,0
fa12e53e-f034-443d-9add-11c32c67437f,1,1,0
b6244589-c677-4654-9664-c72a273ee40d,1,1,1
0ea25d89-637b-4303-894c-8d813eec4bce,1,1,1
e985073c-f25d-41e1-86c7-4f1ec7b7190a,1,1,1
9e627149-74e5-43cc-a8a5-b99c59112cfa,1,1,1
8cf058a1-7023-4f61-abf4-5945d543d7f0,1,1,1
27ceb8f7-4c20-4709-9ac2-48934b9aef6d,1,1,1
23d90d4e-c732-4375-8e17-7fbc1d302caa,1,1,0
61a38820-c236-4fd6-bcf0-cc4fb94b1924,1,1,0
e8f77333-576c-4eb4-8e6f-5bc0606b3719,1,1,1
3cc19453-2545-4f9d-a790-ee2fd5774022,1,1,1
7bbc5f9f-94d8-4ecb-8988-229bb93c59cb,1,1,1
5c5cf172-3666-444d-b633-8c2c2a0c02f8,1,1,1
c051436e-f6b5-49c8-b268-b207f5417ab8,1,1,1
9b1e41ae-40e8-4338-b039-510790353594,1,1,1
c7d5ec64-b67d-469e-99c7-4a6ecfb34983,1,1,0
8c74b220-c4f9-43b4-90c9-22ce3492798d,0,0,0
ec2b6de1-60fb-45ea-b01c-427fa803b83e,1,1,1
2e6d0947-f2d8-4f80-912d-410f10e639f1,1,1,1
af82dcbd-0837-4b5f-be71-685941d3fe76,1,1,1
8f4e509c-28e7-4346-acf8-7272dfcd2f01,1,1,1
1bc20516-5f54-46cf-9594-3d8d906f249e,1,1,0
388c0a06-743f-4847-b1f8-e8836c669dd0,1,1,0
f32e36b4-04ab-4a0b-a747-7d099f0188d3,1,1,1
a5bc6e1a-a07f-42d9-b2cb-8989c5f2d543,1,1,1
1ae2069f-57b8-4886-97a0-5e8d0c64a9bf,1,1,1
8fae8ff2-fc0f-4cc1-9d74-67f5a27955c3,1,1,1
96e3954c-1135-4048-abdf-0b2683e17ccf,1,1,1
5d05fad5-ee3f-472b-8b3a-a13b76f7279d,1,1,1
e624df5b-74f4-46f6-b40d-d24229b077f2,1,1,1
c01ece12-4bbc-4b24-8d42-b993c3e7f921,1,1,1
3804757b-ceba-497b-85d2-f94a0e4089e4,1,1,1
b8a09865-2c24-4527-8d25-a3d30e432c72,1,1,1
183048b2-d8f0-4e2c-8fa2-b9b4b4b9828a,1,1,1
b78e20b5-37cc-4488-9f1b-cc0a75c43f7a,0,1,1
1895b6b6-a085-4749-977e-a06c35022ed0,1,1,0
a2970841-27cd-45a3-a6a6-961a7ad1bf34,1,1,0
280f7264-a208-4717-8c03-86bbdd9715d9,1,1,1
934ad63e-8888-40b8-a7e0-d4d5432ed876,1,1,1
f4d33e10-851a-4076-9007-5e9493c8e493,1,1,1
6808d1af-3807-41a7-bd9e-98dc2a0c92c5,1,1,1
fca836a7-ac46-489b-8a94-eb11d9f587a4,1,1,0
3d83604c-ecaa-4dfa-9c3f-b1cd6236bc9b,1,1,1
feb42831-3b22-4496-9fbc-eb3ebe585690,1,1,1
0c6463c7-63d4-4287-8ccb-a5338da467c0,1,1,0
2326dc80-9284-4d52-ab6b-5a331c42e3d6,1,1,1
01fb907e-25d1-4c31-ac3c-4a3b7040386c,1,1,1
8815927b-8a21-493d-a985-b208e7d89ce1,1,1,1
6766dc9d-9111-4482-a779-6a3a89ee90f2,1,1,1
cfebc0bc-5be2-44e4-be1b-da4fe4028443,1,1,1
6a746ab3-4f3b-4dbf-8da7-7b4574745460,1,1,1
6884b34c-4a60-4a38-ab18-65753b6ecacb,1,1,1
f19656aa-19d9-4e0a-8c19-df557d91faae,1,1,0
f162d062-0a9a-463e-ab84-ab29da397eeb,1,1,0
ca03c5dd-4058-410f-89bd-8653c7695252,1,1,1
6961e413-55ea-4436-a052-8c97480e6573,1,1,0
fdc4980e-c054-4669-ac3f-b8cecce66f55,1,1,1
aa40049c-4b4d-4499-a14d-2cd5d317f084,1,1,0
4d83003e-212e-421f-9851-250bf8639787,1,1,1
d75b7129-e927-4a6b-8b22-e974a3bffcc9,1,1,1
09acac11-156a-4e5a-ac33-dfc23730a957,1,1,1
2f78f2b3-6fc5-430a-8717-c22b67c23ca2,1,1,1
8fbfe588-2fe4-4324-9c0b-89ed5253f34b,1,1,1
0cb71b7c-697c-43ba-8bb7-9d50e6067dfe,1,1,1
163dfc9d-b439-4af8-b951-e58675f7b59a,1,1,1
dec0a76a-3e05-4cd4-9fc6-64836e54b0fa,1,1,1
d22f7216-14d9-404e-a00e-e4bd53bb51d0,1,1,1
5329b21c-0732-424f-a7f2-cafe7bc31b45,1,1,0
7d000378-8f45-4cac-b50c-f2fa3bbb7739,1,1,1
0473bc81-96ca-41b9-8e6e-442687d5f734,1,1,1
624e685e-8a46-4533-88cf-07c683959cd0,1,1,1
98318e60-5c31-4fa4-9426-42208dd978a1,1,1,0
539a0577-a2d8-4a89-a54c-4d547f72092a,1,1,1
c2210671-ed53-4d99-916b-3898c6d0136e,1,1,1
85226fb8-d6be-47c3-9684-01aed51d1dbe,1,1,1
de4879d9-2e35-40a8-83ed-1862cda543d5,1,1,0
6b517332-2007-488d-99e9-5b4362f0b2af,1,1,1
3854c23c-e08f-43ab-aa2e-aa44461e8952,1,1,0
ae459703-f016-47fc-9586-44b9bcd1d6c4,1,1,0
f6e195ae-4953-40e3-b1a1-a99ea4e9ca37,1,1,0
321b1532-da18-45b3-a3d0-276a5ac4a103,1,1,1
1d4f2de7-236a-4d21-9fdf-fc45a0485e0b,1,1,1
885740cd-771e-4e80-92ca-37fc71bf7399,1,1,1
04da4374-fb5e-423a-a5e1-d53ac8c75ab7,1,1,0
51c4e3fd-e774-41c2-83f5-69be6bf5ea39,1,1,0
625d1f97-8b59-4bb3-b9a9-6affc4307ac8,1,1,0
a70e498a-30f1-418e-ab51-a125c8e73d66,1,1,1
b2beea7b-a83e-4e5f-9ead-8c2a63873369,1,1,1
ffb68021-2117-4e03-b49a-f133c8d1288a,1,1,0
298fc893-06f6-410f-9e58-adcb986992de,1,1,1
58d5b006-89e7-46d4-af95-22f247c46974,1,1,1
6af4cd9c-2d98-4272-ab2c-1745efab4d48,1,1,1
d50abe4b-8225-42c4-81bf-db3a0e040994,1,1,0
12aad4e1-a882-4f66-80bc-bc06abb874da,1,1,1
b8d77361-71ae-4119-acab-7c996adb009f,1,1,1
75fb8888-a67a-414d-abd6-18d9e677e68e,1,1,1
da6d2a56-e6b9-4a53-820d-dd6ef3b71f91,1,1,1
49e4cecf-73ed-4dcc-80a0-3b6468dfc3bb,1,1,0
9b79199b-958d-4d91-ade6-dd9a5090695b,1,1,1
0fe4ae31-880a-4967-9261-567102b1414c,1,1,1
39f7c9d6-d893-482d-9173-88352c82e603,1,1,1
6417e936-e2f6-4091-bf66-55b0d2293cf0,1,1,1
40ae9c8d-6a1b-4ded-ae45-75753ca8a71c,1,1,1
8f9627fa-b6a6-4fd1-8cf2-171f87166f46,1,1,1
2ec1e309-b77f-4911-ba6a-f937e32a1c0a,1,1,1
d8768705-d9c7-4f75-8334-f5ff4337e162,1,1,1
3cf37b3b-ddec-48eb-a027-d0d4fb8c6ffe,1,1,1
e5184dc7-9e8b-4f60-a5a4-8d4d61744d69,1,1,0
2bb85225-2f15-47dd-b244-f1dc2b115937,1,1,1
6eaa20f7-fed9-4741-8608-ca5a4c2c3889,1,1,0
cc18a1d1-322b-480c-9c49-51daa67d437d,1,1,1
f6fd2d6d-2749-488b-8de9-3c10650f2da0,1,1,1
7730a2ea-fc39-4066-a4a3-c41a0f1f309e,1,1,0
96d3dd77-565a-4ef3-b2bd-867995b17079,1,1,1
2f4d2f33-1ae6-43aa-a6c0-fd3709c5cf8d,1,1,1
d2db515d-3686-4062-afa6-8f16bbf6383b,1,1,0
d2d2e877-421e-40a3-a805-1ff8818ff50f,1,1,1
c88995f1-3ed3-4c33-96f6-6b6b79938256,1,1,1
01b2ca68-e249-42f3-b889-56b4206980a7,1,1,0
e15f0cbb-7efe-4fbb-b058-9c97a7e979ad,1,1,1
c8d70cb8-3b1b-48cd-ae26-e745e8c3f187,1,1,0
bf2c9c94-cb69-444e-ae1e-30ed06dc5dc5,1,1,1
05ab38c1-062d-49ab-8834-10e3568fe0f0,1,1,0
3c95aeb4-a77c-4a84-a686-3f0d41de860c,1,1,0
62eb2063-950e-4c73-a576-b79764bc82de,1,1,1
17cf2837-8b27-49f1-9a87-b0dd7634197b,1,1,1
75b4c105-fc60-4675-a3a2-7617865abd02,1,1,1
dd00e7b4-5393-4e0c-ad20-c29f39d8bfef,1,1,1
fbd752de-3b83-40b0-bfa7-3bf2b1c24fc1,1,1,1
684a1e23-a807-498a-ad9e-96c62d139972,1,1,0
66eb8df5-460f-4af4-a56f-bb02808368d8,1,1,1
ecd90dc2-629a-43f1-82b9-7bd1dc5f2094,1,1,1
ac2da3a3-7ba5-49fc-889d-a657625dcc7a,1,1,1
1239416f-cee7-4de3-acb3-7122c92a0001,1,1,1
1542f59d-1114-4969-83a7-756cafbefc49,1,1,1
1420e506-f951-4274-93c6-3199072952e7,1,1,0
b25c8d88-773f-41cf-833c-e3bbe0a3b012,1,1,1
93bbae64-72da-420e-8c29-9a0bb77ffe0d,1,1,1
489423c5-8961-4cf1-8032-17d1d603ebe9,1,1,1
9df128e0-75e8-4b4c-b631-e7b2845ce467,1,1,1
e9250b83-f20f-4868-9503-df52db76bbc6,1,1,1
35b16a11-83fe-451d-80c2-c112cd37dbec,1,1,1
23714a97-9dd0-4398-b896-9533f155117e,1,1,1
c025a238-c379-4bc8-919e-2c793d6b4fc0,1,1,1
de54e335-9c99-4919-ab3d-2f8e1c3a88c8,1,1,0
7da4b84f-8031-4c52-9069-f42f13cd156f,1,1,0
bd49af2a-d828-4940-9447-b78970bc6965,1,1,1
1603151c-8402-46d4-b098-e9a43a454938,1,1,0
c52a8e73-2d3d-4d20-b0f1-8f250aa6f22d,1,1,0
9f74051d-6b84-448b-9061-15c17d6609c1,1,1,0
01813133-da6f-4c6f-89d2-4eede8f32e59,1,1,1
b7a9957d-fb2f-4a66-9e6c-36026c76a53e,1,1,1
529b669c-fc37-4421-aeb0-644642c76deb,1,1,1
19e58dc3-849f-41f7-8442-a27a3b7aa624,1,1,1
570a0165-00c1-4eb8-9b06-6f496d92d5fd,1,1,1
9a3202b4-0352-42be-bb89-e985c3065337,1,1,1
753c71c4-58b3-4a77-9e8c-b6022318ff29,1,1,1
dc68de3b-2591-4d1f-8ec9-47a0fc4df242,1,1,0
53bc3087-197d-43d2-a3e1-647df5eded09,1,1,1
97833e68-ad23-4f4f-a2ee-bf16b2eeba1c,1,1,1
0317ece1-624b-40ba-b2ea-62d8cdfcc31b,1,1,0
236d11aa-a318-44e7-9921-904b9bcfbdba,1,1,1
a9d24104-397a-4f98-aca4-50ff7f11a024,1,1,0
73ff55ff-2429-4112-a83d-8288e2e55a3b,1,1,1
03817691-821f-4d1f-bbcb-a8c346ef2de9,1,1,0
0cc26da3-307f-46cf-bf38-38418e9f7eaa,1,1,1
c293d167-a099-450b-a426-1247ebe0f230,1,1,0
9f6e314a-5df2-4439-890a-4b12e5a4b040,1,1,1
8841d083-daac-43ab-99fa-8509d08e9202,1,1,1
305793ed-0f74-4681-bfe8-a35c11bca02d,1,1,1
fb476f71-acb3-42f5-9c7c-c1a98cd80fc5,1,1,1
d006f72c-416f-4034-bafa-2921edea1bd4,1,1,0
b17414d9-2a4b-4398-8e53-611ea1987d62,1,1,0
415e0db9-12b3-45fc-bec2-4eb9fa0801fe,1,1,0
13e743ad-29aa-4942-a08e-9203ea81e5ee,1,1,1
f4364603-f48a-4168-b5e4-72f6f9d8de02,1,1,1
79499937-3786-4377-ba48-facce4f53520,1,1,0
8309e453-37e8-4ffc-8373-3dbf5d017c8b,1,1,1
4cd55f91-ea98-474c-9a12-4a1b1858a11d,1,1,1
2c382846-afd7-41c6-ac77-7f57d0b0909a,1,1,1
3e5cc579-0a9c-46f1-91ba-cb49f503bb5e,1,1,0
f7db5590-af6f-4e62-876b-00065167612a,0,0,0
6bf585c5-4d05-4757-b637-d4de88807250,1,1,1
8e8b0a64-ac8b-425f-88f2-3ca61f744dc6,1,1,0
5f387b71-7b7a-4e19-8f35-64b50850c71b,1,1,1
19b40c80-dc99-4f02-aca5-1aebbb10b4c6,1,1,0
3438fe1e-4e3a-47af-ab64-0eca3d12c96b,1,1,0
98104616-7fc2-40f9-a7fc-480afbb151b5,1,1,1
a0bc22a8-40e6-4897-9758-02d76e60146f,1,1,1
087240f4-e5af-40cf-a182-9fb192a7a39f,1,1,1
126368be-6bc8-4020-b594-a76799f58d13,1,1,0
83c9dc99-af91-4b73-b20a-304c29884aa2,1,1,1
61cb02eb-314f-42a7-9922-eef9b72a1b89,0,1,0
94b60615-afba-470a-afb4-89bf1eddd11b,1,1,1
360b5c6a-eae4-44fc-86ad-09bffe05b56f,1,1,0
508f5248-494b-44a5-98d5-e0981863cb67,1,1,1
4b5c2d47-c1e9-447d-aa18-1d810b0fe4f4,1,1,1
9eb720b7-e50d-462d-9a1e-866fa1b53909,1,1,1
3a95e6dc-ce42-420a-8d99-0a98a2f616d8,1,1,1
2feacb4f-d111-4d72-8309-791bd579d689,0,1,0
55f5c27c-8991-40bc-9d76-368d93a8a8c8,1,1,1
68be0122-efd3-4911-85d1-3bb8373f7779,1,1,1
254f3047-2ec2-455d-b3ca-daddbb9fa34a,1,1,1
35dc787d-fcb8-4a16-8be8-a12191967368,1,1,1
53fa83a5-4463-4955-a4c9-6d680477aa75,1,1,1
b629cb82-238d-4bab-9d44-b9b6128961c2,1,1,1
0366eaa3-0fcf-4d9a-9e63-457be98c9500,1,1,0
c0671c7d-46db-420c-81a4-08b7967f680c,1,1,1
201bbb6a-ce40-44e7-83b9-fbfee5d3a3f7,1,1,1
b8f34a11-ec6b-494c-ace6-7165a7e72560,1,1,1
f2c85fbd-baa0-44ed-b9d9-5edb85208f0e,1,1,1
7b83513c-3422-43f6-9af6-018777786151,1,1,1
4c9dac4c-a00f-4480-ac76-0d06795440c1,1,1,1
5705b514-9e17-46c2-b47a-e748dcdf2ab2,1,1,1
5cdac8d9-ad07-41b7-866b-1bbe2e13637b,1,1,1
5052c2ea-354c-4fa9-ac36-2473f294ec8d,1,1,1
2ae7ce21-3f08-4dab-b6a7-f07d6e606df5,1,1,1
5182f0a3-3ce4-4925-acc1-3b26da3396b9,1,1,1
01f22a24-053b-4a26-bdd6-f492de84b527,1,1,1
afca0702-6d14-40be-b631-fd824d641f9c,1,1,1
0c980ced-8323-45ae-b823-938d53789d7a,1,1,1
789f76de-7fc5-41d3-8259-8bf5e75999e3,1,1,1
71a44c01-9282-4945-9131-68283d8e932d,1,1,0
23d79e80-049f-421d-b8af-d1b4c5a94163,1,1,1
1952139c-0efa-4496-82f6-64c0e5fa4f71,1,1,1
33e295ea-d854-47a2-a124-220158ddc6a6,0,1,1
9ec5bd36-b410-49fa-a6bd-c827fd8e3430,1,1,1
adcd0d16-47a8-4811-9c3c-60b90a8f6549,1,1,1
760f881a-8607-4e63-b0d1-2f80c45af41c,1,1,0
ef4ff968-3d0b-44ff-9c57-9b781d6815e1,1,1,1
92174fa0-daff-450b-b7d6-149bd38544da,1,1,1
d003dc5b-f45b-4348-9fb8-724ad81fbf83,1,1,0
87f0f69f-e719-45a0-889a-ca447ab0193d,1,1,1
229be157-7c97-4820-bd76-b43104c4a099,1,1,1
4193f54b-a1d6-4925-83e1-fd5b9666e4ee,1,1,1
2c2a7b2f-674f-4523-8a50-e2cad8c39cf9,1,1,1
1e0251b8-c2d9-486d-aa58-ecbb5f52c47b,1,1,0
cafad8da-5a0b-413e-9096-5110765045e7,1,1,0
97f941fa-8ced-4109-8e42-7fafbc0640a3,1,1,1
f552035d-fa93-40f6-8e95-de8fb0e36986,1,1,1
7c2462f2-7871-45e1-bc92-5d6a4d2b6354,1,1,1
f0da0d11-2c26-40b5-a1f7-a5c385d1d72d,1,1,0
3b0a82a8-2ddd-4aab-a9eb-8007ae766b78,1,1,0
4443e4eb-b883-4fa8-a4a3-3670e79df73b,1,1,1
42f23224-cd4d-4fbc-8e94-c8168d3ee41c,1,1,1
9d78bdb4-75e5-4b14-8e6e-b45fdb7f4f40,1,1,0
8a6010d1-b632-4b7c-8d73-99709acd252a,1,1,1
e7c7f866-0bfd-4714-9149-a62f9eb20952,1,1,1
cf94560e-4b6c-4454-8c90-06a5197daafb,1,1,1
9b8fe148-f79a-48c2-b29c-af589372a356,1,1,0
7c754289-19c2-491b-9c25-89c0cbbfb5d3,1,1,0
4018a49b-4974-4dbf-bb45-56334646d37e,1,1,1
82a2668b-0dc3-40fc-ab54-7b3312cd4362,1,1,1
bdd992e3-d3c9-4d11-af3d-5be665583428,1,1,0
6b369cc6-7003-40e7-9893-f0d7c760f9b5,1,1,0
9fddf7bf-759b-40ea-836b-d8296c074639,1,1,1
